spotify:track:2uEJanMvnA1dXgX1ASnPQm,0.417,0.665,192075.0,0.62,0.0,1.0,0.113,-5.43,1.0,0.035,91.008,4.0,0.451
spotify:track:3aazUPRslL7uysi1xjjYPv,0.0731,0.61,238333.0,0.756,1.32e-06,11.0,0.1,-6.567,1.0,0.0441,103.982,4.0,0.31
spotify:track:7vGuf3Y35N4wmASOKLUVVU,0.256,0.52,180823.0,0.761,4.96e-06,4.0,0.17,-3.093,1.0,0.0853,141.971,4.0,0.286
spotify:track:4AExn2roFJPUOfdUbSkkc5,0.033,0.619,223021.0,0.886,3.26e-06,7.0,0.154,-4.716,1.0,0.0998,105.978,4.0,0.442
spotify:track:5EBiM7gSN9peJYTwt6JOe1,0.063,0.558,192756.0,0.81,0.0,7.0,0.238,-6.251,0.0,0.0341,122.036,4.0,0.767
spotify:track:0ct6r3EGTcMLPtrXHDvVjc,0.0181,0.528,176658.0,0.852,0.0,6.0,0.242,-5.294,1.0,0.0435,126.012,4.0,0.647
spotify:track:3myI1o0izYfh2z9JTQzCfJ,0.00631,0.543,275387.0,0.73,0.0,1.0,0.213,-6.086,0.0,0.0384,150.187,4.0,0.267
spotify:track:7zNULH17aoNmazQLaIbDib,0.916,0.488,283934.0,0.159,1.69e-06,11.0,0.0908,-15.253,1.0,0.0426,74.313,4.0,0.2
spotify:track:6WF4hzdGXvXd1joERSXJjm,0.01,0.419,242253.0,0.773,0.00418,10.0,0.269,-6.187,1.0,0.0305,89.954,4.0,0.274
spotify:track:7qAWdfgvuDJQlhjppYtAfA,0.18,0.583,349538.0,0.47,0.207,1.0,0.142,-7.766,1.0,0.0648,149.844,4.0,0.42
spotify:track:2L7plRhGDguuuM9J1u5R7x,0.00512,0.41,241568.0,0.712,5.23e-05,7.0,0.164,-4.281,0.0,0.0392,140.093,4.0,0.166
spotify:track:3ZD3kjn80pQ9keYO8eqp9d,0.421,0.38,189333.0,0.553,2.63e-06,7.0,0.0788,-6.621,1.0,0.0653,179.629,4.0,0.384
spotify:track:01kXLqZPKVTRVxFcEmTXMD,0.157,0.446,255893.0,0.877,4.31e-06,9.0,0.0455,-3.734,1.0,0.0606,178.133,4.0,0.159
spotify:track:1RbmQY9DbIy0RqWFs04FOX,0.168,0.534,236440.0,0.646,4.74e-06,0.0,0.151,-7.533,1.0,0.0343,124.872,4.0,0.0562
spotify:track:6Ej6WtjqLbro72mF4Y1Xdb,0.693,0.578,172147.0,0.391,3.47e-06,0.0,0.11,-13.379,1.0,0.114,80.145,4.0,0.224
spotify:track:28UMEtwyUUy5u0UWOVHwiI,0.133,0.656,201680.0,0.33,0.000109,7.0,0.0664,-17.503,1.0,0.0372,113.845,4.0,0.519
spotify:track:1pKeFVVUOPjFsOABub0OaV,0.0373,0.65,226160.0,0.728,0.0,6.0,0.328,-5.914,0.0,0.232,159.167,4.0,0.619
spotify:track:2MWL9kMbAiv0zyahTzK4EN,0.0046,0.46,217427.0,0.88,0.0,4.0,0.112,-3.803,0.0,0.0838,109.828,3.0,0.225
spotify:track:2sNvitW3TxiTeC9xT9f2ZZ,0.408,0.486,273684.0,0.652,6.63e-05,11.0,0.077,-7.226,0.0,0.052,113.055,4.0,0.391
spotify:track:3WZFEgZDpbcPkhrRXFvL8K,0.114,0.691,210307.0,0.743,0.0,0.0,0.157,-5.396,1.0,0.0317,115.043,4.0,0.464
spotify:track:39P8VOo0DlQCb4n1g5b3Wp,0.413,0.595,177925.0,0.81,0.0,7.0,0.111,-3.665,1.0,0.0465,99.947,4.0,0.482
spotify:track:6L6ra9mTlyQPmh7zGw58y1,0.0509,0.662,214120.0,0.612,0.0,10.0,0.0948,-4.993,1.0,0.0311,113.95,4.0,0.177
spotify:track:1DJtIIV437oWmdBXFhadqz,0.0598,0.4,229053.0,0.48,2.01e-06,8.0,0.117,-7.758,0.0,0.0307,166.041,4.0,0.18
spotify:track:2DyOeiu42RDou7a8bAK7o0,0.0923,0.731,222733.0,0.293,0.009,8.0,0.121,-9.382,1.0,0.0336,137.924,4.0,0.221
spotify:track:5yVIlYEHZxQVLyInCdldoS,0.141,0.376,209440.0,0.696,0.0,0.0,0.11,-4.785,0.0,0.0949,169.515,4.0,0.303
spotify:track:457p7UH7hoHrbA2iI4PSCA,0.0138,0.499,206480.0,0.843,0.0,6.0,0.124,-2.224,1.0,0.113,127.932,4.0,0.533
spotify:track:4rwqrKdwlFWJ6LvPYaOtgn,0.102,0.44,258188.0,0.413,1.7e-05,0.0,0.103,-7.425,0.0,0.0446,131.659,4.0,0.123
spotify:track:1MAtUmZaUGsbS8hH335A0e,0.000872,0.512,221000.0,0.896,0.0,1.0,0.223,-3.744,0.0,0.0459,139.973,4.0,0.55
spotify:track:4cdv3CQkDVZzZOKm0kaaZu,0.559,0.416,172724.0,0.43,0.000244,0.0,0.11,-6.516,1.0,0.0408,84.406,4.0,0.177
spotify:track:5pRvd7BtQZ42S9zegc0nOa,0.681,0.284,236093.0,0.433,0.677,11.0,0.105,-7.73,1.0,0.0292,136.37,4.0,0.121
spotify:track:3cF6CU5hFPDmMRX0YUABZn,0.967,0.237,239507.0,0.358,0.87,10.0,0.108,-12.786,0.0,0.0396,87.114,4.0,0.1
spotify:track:78OvOmHB4HlYLHyyLNIhVW,0.00556,0.511,198473.0,0.775,0.0,8.0,0.103,-4.107,1.0,0.0304,138.084,4.0,0.393
spotify:track:3AJwUDP919kvQ9QcozQPxg,0.00239,0.429,266773.0,0.661,0.00013,11.0,0.234,-7.227,1.0,0.0281,173.365,4.0,0.285
spotify:track:21fq2CKL93mfnYHItpitxg,0.00216,0.555,241107.0,0.849,0.102,0.0,0.109,-7.412,1.0,0.0405,120.001,4.0,0.26
spotify:track:27SdWb2rFzO6GWiYDBTD9j,0.0472,0.628,211667.0,0.698,0.00143,6.0,0.0907,-5.608,0.0,0.105,89.976,4.0,0.732
spotify:track:69yfbpvmkIaB10msnKT7Q5,0.0386,0.499,276040.0,0.894,0.0,9.0,0.399,-3.887,1.0,0.267,139.865,4.0,0.26
spotify:track:1tLP9KYxSAv1sGz9UQpGPf,0.881,0.389,313627.0,0.415,2.29e-06,8.0,0.138,-5.77,1.0,0.0307,139.417,4.0,0.344
spotify:track:4h0zU3O9R5xzuTmNO7dNDU,0.965,0.71,275280.0,0.0565,0.0,7.0,0.0889,-15.099,1.0,0.0534,123.994,4.0,0.348
spotify:track:3cNjgVBKTJ1SvKhunrCdVy,0.0118,0.513,210580.0,0.768,1.94e-05,4.0,0.294,-4.868,0.0,0.0587,84.264,4.0,0.235
spotify:track:3PvzvltQZLIKk9YgoMP3Yq,0.0384,0.461,190160.0,0.717,6.25e-06,1.0,0.404,-5.109,1.0,0.0324,174.047,4.0,0.314
spotify:track:5Sf3GyLEAzJXxZ5mbCPXTu,0.00821,0.829,208133.0,0.51,0.0014,5.0,0.0829,-9.334,0.0,0.0369,119.993,4.0,0.45
spotify:track:6kpJQaauvfqJjR1eUxml0X,0.187,0.658,236743.0,0.832,0.0,6.0,0.0758,-5.94,0.0,0.0344,117.964,4.0,0.569
spotify:track:71URt38u1AjIgwhnQJRq6m,0.155,0.609,193068.0,0.852,1.04e-06,10.0,0.109,-6.172,1.0,0.0484,176.006,4.0,0.811
spotify:track:01DSvNTUsVROjnSF5j3UbD,0.00141,0.673,247907.0,0.629,0.0,2.0,0.0944,-7.072,1.0,0.0299,103.998,4.0,0.551
spotify:track:0SuLAslEMFZAXf0SwY7syi,0.0508,0.584,217603.0,0.569,0.0,0.0,0.0924,-4.259,1.0,0.166,89.779,4.0,0.501
spotify:track:2LbbLV26X7K1kLzI7xXFE2,0.224,0.643,234240.0,0.624,0.0,6.0,0.14,-5.437,0.0,0.0923,124.075,4.0,0.39
spotify:track:3XIIOCu6B8PuGq5j61asEM,0.0109,0.666,210893.0,0.723,0.00047,1.0,0.0507,-6.164,1.0,0.268,192.024,4.0,0.739
spotify:track:0tp2cUnCAcsR6xL5kw9HKu,0.0107,0.553,250453.0,0.725,0.0,1.0,0.0802,-4.741,1.0,0.0306,111.916,4.0,0.353
spotify:track:5qfZRNjt2TkHEL12r3sDEU,0.456,0.535,282693.0,0.445,0.0677,4.0,0.112,-9.155,1.0,0.0292,146.099,4.0,0.136
spotify:track:7oYOFL0Xblh30eClmakOLo,0.136,0.568,174196.0,0.721,0.0,1.0,0.0449,-6.193,1.0,0.0886,89.997,4.0,0.929
spotify:track:2YgoKJe61QXy6oINjJvrsx,0.0276,0.626,191520.0,0.739,0.0,7.0,0.106,-5.685,1.0,0.051,97.979,4.0,0.419
spotify:track:2LBhwMS0iYId8BWfNIiOuG,0.92,0.551,260840.0,0.289,0.00011,5.0,0.124,-9.83,1.0,0.0268,108.098,4.0,0.432
spotify:track:0tJGzJjUVlEsn8s3Mn32Jb,0.0179,0.737,189840.0,0.723,0.0,1.0,0.0675,-5.51,0.0,0.0295,120.003,4.0,0.893
spotify:track:1LmaRffBwttEaRsT0ENOoK,0.146,0.43,214187.0,0.652,0.0,3.0,0.171,-6.54,1.0,0.0332,77.753,4.0,0.318
spotify:track:1c2MXiju7DNPSfsKoVbHlg,0.0645,0.604,214853.0,0.894,0.0,4.0,0.253,-3.612,0.0,0.035,137.047,4.0,0.611
spotify:track:5G5IX0zeEIYhHKe71Zecx6,0.0267,0.723,204000.0,0.527,0.0,5.0,0.111,-7.792,0.0,0.0326,126.072,4.0,0.324
spotify:track:2YHZq64qZop5LnGDgMZiX3,0.00921,0.529,252000.0,0.703,0.0,9.0,0.0515,-3.935,1.0,0.0361,133.962,4.0,0.373
spotify:track:4ciaNqHWA2IzHphZaVRzHI,0.0743,0.484,190613.0,0.791,0.0,7.0,0.0491,-4.27,1.0,0.0437,124.008,4.0,0.369
spotify:track:1BECwm5qkaBwlbfo4kpYx8,0.0137,0.462,203507.0,0.538,0.0,0.0,0.429,-5.527,1.0,0.059,139.256,4.0,0.405
spotify:track:4hVJIlulH29qKVYGCT6cky,0.046,0.636,229627.0,0.874,0.0,11.0,0.844,-3.577,1.0,0.0562,140.045,4.0,0.88
spotify:track:7EYWEwJyai7udNmqvRPsZM,0.0282,0.412,214427.0,0.859,0.00715,0.0,0.404,-4.095,0.0,0.0852,127.934,4.0,0.369
spotify:track:3ZpkG38zxXA9eetpBtqr3f,0.0169,0.501,237296.0,0.808,0.0,6.0,0.201,-6.242,1.0,0.0992,174.077,4.0,0.408
spotify:track:1IQrWMzaUT0mwjP64lfQvR,0.679,0.38,264867.0,0.351,0.000483,6.0,0.23,-7.529,1.0,0.0566,63.489,4.0,0.376
spotify:track:3VV530tpZ14TossImxyOeU,0.882,0.346,265893.0,0.315,0.000109,7.0,0.115,-12.447,1.0,0.0453,107.584,4.0,0.0722
spotify:track:6P1imZZqCDg3TK9f2MSDN8,0.766,0.762,225953.0,0.464,0.146,1.0,0.09,-8.68,0.0,0.0354,119.988,4.0,0.209
spotify:track:2mb32CDk3XusDc87vjeAoG,0.0315,0.594,240293.0,0.709,0.0562,6.0,0.0738,-9.541,0.0,0.0377,90.001,4.0,0.587
spotify:track:4rjkBykCKOAmBeWhhMtOyQ,0.00953,0.803,333750.0,0.877,0.0741,9.0,0.0757,-8.317,0.0,0.186,127.991,4.0,0.218
spotify:track:05KfyCEE6otdlT1pp2VIjP,0.0417,0.772,203782.0,0.775,0.0,10.0,0.226,-4.388,0.0,0.112,124.978,4.0,0.748
spotify:track:0Zxgbt8MzrgjHnXQT4C2kt,0.00252,0.336,215413.0,0.7,3.34e-06,4.0,0.103,-4.402,1.0,0.0325,145.126,4.0,0.223
spotify:track:4N5TCcb3z1emeqmg5JCCI3,0.0831,0.474,252107.0,0.707,0.0,7.0,0.162,-4.534,1.0,0.0253,83.235,4.0,0.224
spotify:track:5cZ3QCfLRVBxMptA6HswII,0.95,0.347,241400.0,0.262,0.0229,0.0,0.164,-10.366,1.0,0.0364,139.724,4.0,0.414
spotify:track:2cG8MViLjQYJKpxhNlgYAR,0.299,0.431,205800.0,0.81,0.0,7.0,0.249,-6.051,1.0,0.0958,110.118,4.0,0.674
spotify:track:4OLVK3kktkdLPp8dDgoCtb,0.294,0.522,319200.0,0.53,5.19e-05,4.0,0.0997,-4.812,1.0,0.033,104.039,4.0,0.157
spotify:track:70yhaHLp9STtzI2Kzba6Tr,0.546,0.654,233733.0,0.578,0.0,6.0,0.112,-6.897,1.0,0.449,143.867,4.0,0.233
spotify:track:34MJ07N9Bhu6iKPaxSVnCT,0.0875,0.63,233173.0,0.827,1.13e-06,6.0,0.0992,-4.215,0.0,0.121,125.941,4.0,0.751
spotify:track:5lVmDYJR8EaDRe0s1T6S9M,0.476,0.445,251559.0,0.415,0.000132,11.0,0.114,-9.829,1.0,0.0418,135.61,4.0,0.15
spotify:track:4QNL6Yz4MACfPPArSDPdcD,0.0381,0.63,175095.0,0.694,0.0,4.0,0.0731,-5.256,1.0,0.0327,120.005,4.0,0.62
spotify:track:06JRkix5RRMRIWffxZqlGt,0.0141,0.542,160941.0,0.585,0.213,3.0,0.0929,-9.3,1.0,0.0474,170.046,4.0,0.337
spotify:track:2CPqh63wRVscbceKcPxwvv,0.0225,0.632,183414.0,0.575,1.81e-06,5.0,0.104,-6.478,1.0,0.029,90.037,4.0,0.188
spotify:track:0YyKEUqjK2aolXbdqIoUb6,0.784,0.704,249685.0,0.285,0.0127,11.0,0.335,-15.58,1.0,0.0361,109.92,4.0,0.349
spotify:track:5RbjZdW8vLZQJpRAZwNIdX,0.322,0.518,221173.0,0.474,0.0,0.0,0.1,-8.34,1.0,0.0287,106.512,4.0,0.164
spotify:track:2Kpoeflreypc9B2iQeawu2,0.00649,0.463,230747.0,0.766,1.66e-05,6.0,0.581,-5.383,1.0,0.0511,184.075,4.0,0.173
spotify:track:5o1TaTsFtDddxLa2BKw29y,0.0351,0.565,216687.0,0.876,0.0,9.0,0.109,-2.309,1.0,0.0888,127.55,4.0,0.617
spotify:track:4IWLawtdMznqdOnbOR9cWW,0.0609,0.586,195707.0,0.706,0.0,0.0,0.12,-3.673,0.0,0.0454,127.961,4.0,0.219
spotify:track:7xpraKSakDJ6WWgjQEtvgT,0.0843,0.512,226330.0,0.559,0.0,1.0,0.0696,-5.498,1.0,0.0253,85.017,4.0,0.193
spotify:track:7cQMJ0wDqVS5iM0JIvP6Ay,0.00527,0.577,230427.0,0.882,0.0,8.0,0.257,-5.224,1.0,0.0492,115.022,4.0,0.564
spotify:track:56e0TmMKb5OC01FouB4KBE,0.339,0.451,252108.0,0.764,7.79e-05,0.0,0.475,-8.012,1.0,0.0309,152.012,4.0,0.436
spotify:track:4fJNWwqA8cEWUrJ1W1vj0F,0.195,0.27,222237.0,0.484,0.0,6.0,0.12,-8.148,1.0,0.0432,47.559,5.0,0.329
spotify:track:0cYKvOFLoFZulGSl3YvB3k,0.228,0.808,207076.0,0.805,0.0135,0.0,0.112,-3.359,0.0,0.0395,119.988,4.0,0.643
spotify:track:0afhq8XCExXpqazXczTSve,0.0735,0.624,170827.0,0.876,0.0,9.0,0.327,-3.374,1.0,0.1,99.943,4.0,0.781
spotify:track:3nzL5CIQiCEt6jRt1AlQ9d,0.00678,0.439,207240.0,0.884,0.0,0.0,0.192,-4.207,1.0,0.0297,150.049,4.0,0.522
spotify:track:0Hs2G9j5uHEGX2wHN3Wgs7,0.373,0.522,207053.0,0.758,0.0,0.0,0.133,-3.887,1.0,0.035,139.957,4.0,0.569
spotify:track:5BJSZocnCeSNeYMj3iVqM7,0.165,0.714,224227.0,0.933,0.0,7.0,0.111,-3.714,1.0,0.0571,120.019,4.0,0.714
spotify:track:5zT5cMnMKoyruPj13TQXGx,0.862,0.389,273000.0,0.302,0.00567,7.0,0.104,-12.485,0.0,0.0438,124.956,4.0,0.234
spotify:track:2WIhkOOOg4idfWOjJnWTU1,0.0874,0.293,222244.0,0.768,0.0,7.0,0.638,-5.162,0.0,0.0855,75.797,4.0,0.291
spotify:track:7yOM2G9qVtFDOALNmwrp3Z,0.715,0.593,191187.0,0.514,3.83e-05,0.0,0.0911,-6.803,1.0,0.0414,115.628,4.0,0.194
spotify:track:6m0qBDIhzICOwWMPZdgyVK,0.868,0.606,227500.0,0.326,0.0,7.0,0.12,-9.401,1.0,0.119,78.906,4.0,0.489
spotify:track:0Xe3C9GFIcEAiOw5ryA6y7,0.215,0.659,211095.0,0.656,0.0,11.0,0.0474,-4.357,1.0,0.0713,175.934,5.0,0.922
spotify:track:27P900HRrMaRjkTbGiTKLl,0.375,0.709,198562.0,0.434,0.000146,8.0,0.0872,-10.972,1.0,0.0566,67.494,4.0,0.362
spotify:track:7cOi1w3MoljmLhoTDMDkC9,0.409,0.477,238360.0,0.788,0.0,10.0,0.194,-5.472,1.0,0.082,138.217,4.0,0.377
spotify:track:5EbX5xL3O2xT8FxCpYzgUO,0.173,0.315,175517.0,0.563,0.000242,9.0,0.0673,-9.671,1.0,0.354,179.484,4.0,0.147
spotify:track:7E390nZTMqEbrNC1TmHd42,0.0879,0.538,244907.0,0.818,1.39e-06,1.0,0.0971,-6.147,0.0,0.0586,127.101,4.0,0.198
spotify:track:5f0WLQquCf955JPSnt7JvR,0.00779,0.699,161440.0,0.854,0.0,7.0,0.138,-3.874,0.0,0.0427,112.027,4.0,0.747
spotify:track:2mN9PvVZX0thvOclMwQAju,0.93,0.492,191813.0,0.202,0.000379,10.0,0.203,-11.568,1.0,0.0319,133.875,4.0,0.399
spotify:track:5ZllLzbyP8IlPg5mQEYxIK,0.0228,0.642,261093.0,0.834,0.0,10.0,0.126,-5.281,0.0,0.0674,79.982,4.0,0.58
spotify:track:4qug3gWrzeTNm0GhOkugJV,0.859,0.795,233747.0,0.378,0.0,4.0,0.204,-9.979,1.0,0.316,100.227,4.0,0.576
spotify:track:6BWTZwXamKhjdYlicjjVjB,0.249,0.662,201133.0,0.744,0.000147,6.0,0.116,-3.194,1.0,0.0317,97.977,4.0,0.387
spotify:track:4XuK9jJP3mpYBq5qf68vfF,0.00399,0.403,173161.0,0.551,1.24e-05,11.0,0.528,-5.615,0.0,0.0611,75.704,4.0,0.315
spotify:track:4nMlau89VAjmV7agkl7OY3,0.562,0.822,198001.0,0.544,2.4e-05,0.0,0.144,-6.797,1.0,0.0332,122.047,4.0,0.861
spotify:track:28GUjBGqZVcAV4PHSYzkj2,0.0403,0.66,213253.0,0.9,0.0,7.0,0.219,-5.02,1.0,0.14,85.51,4.0,0.591
spotify:track:0azC730Exh71aQlOt9Zj3y,0.199,0.63,222160.0,0.928,0.124,9.0,0.148,-2.787,0.0,0.0331,123.963,4.0,0.465
spotify:track:6HFbq7cewJ7rPiffV0ciil,0.00622,0.545,267867.0,0.675,0.00197,6.0,0.214,-6.468,1.0,0.0279,124.973,4.0,0.16
spotify:track:7eTXqLl3aBhuF73AL4glT8,0.509,0.797,216850.0,0.53,0.0,10.0,0.102,-10.19,0.0,0.0756,99.966,4.0,0.596
spotify:track:04aAxqtGp5pv12UXAg4pkq,0.004,0.385,228360.0,0.866,0.0,4.0,0.111,-2.817,0.0,0.0697,176.014,4.0,0.551
spotify:track:5Kr01FtRG1qf7nHJJoGAX9,0.0316,0.448,359500.0,0.725,1.25e-06,9.0,0.426,-5.259,0.0,0.0454,151.962,4.0,0.231
spotify:track:7CauSnUJDM0tXaa1iGbsvb,0.051,0.55,222480.0,0.772,0.000584,5.0,0.188,-7.657,1.0,0.0311,120.967,4.0,0.265
spotify:track:2gpVdtEWFwUyl6uLLmvBzW,0.448,0.599,248000.0,0.553,0.905,5.0,0.137,-8.176,1.0,0.0325,120.025,4.0,0.191
spotify:track:4gpcn8tIHkakAN72oFwrfb,0.00475,0.622,223453.0,0.827,0.0568,0.0,0.0981,-7.384,1.0,0.0913,125.988,4.0,0.313
spotify:track:4jozjPDv6YVVDmDqDQqyTf,0.000289,0.606,219052.0,0.758,0.11,5.0,0.143,-5.721,0.0,0.027,116.043,4.0,0.435
spotify:track:6oP02i1hRc3Qp9bd36Ya3Z,0.000626,0.654,263890.0,0.811,0.0,10.0,0.234,-4.767,1.0,0.0392,124.993,4.0,0.562
spotify:track:0sNu1RdkrTUg7qmyOZYLgw,0.0364,0.435,195453.0,0.903,0.00241,8.0,0.115,-4.638,0.0,0.14,159.984,4.0,0.446
spotify:track:3X3gW2FslwjwOEFaFnXNS6,0.0133,0.556,223960.0,0.923,0.0,4.0,0.518,-3.65,0.0,0.147,128.026,4.0,0.318
spotify:track:2PqJ9HPAlIAiX9GPbAannp,0.0042,0.491,232570.0,0.792,0.0,4.0,0.0471,-6.009,0.0,0.0608,128.113,4.0,0.36
spotify:track:60hmtJmGbsAEXC0KCKMlN3,0.141,0.669,242440.0,0.747,0.0,6.0,0.185,-7.108,1.0,0.0428,122.531,4.0,0.483
spotify:track:0havnPncOkI1Mmf1Glr9tj,0.00382,0.38,255075.0,0.904,0.0795,5.0,0.0485,-3.947,1.0,0.0452,164.93,4.0,0.158
spotify:track:73NbHgUZ51H65Bfo2HFKUi,0.0392,0.675,201240.0,0.662,0.0,1.0,0.128,-4.989,1.0,0.0318,134.936,4.0,0.536
spotify:track:1kPpge9JDLpcj15qgrPbYX,0.0314,0.559,205933.0,0.882,1.71e-05,3.0,0.605,-4.281,1.0,0.157,126.064,4.0,0.634
spotify:track:2vDT1uU6hZgdp3PbWGr0Xy,0.287,0.765,237300.0,0.473,0.0,10.0,0.391,-5.829,1.0,0.0514,119.992,4.0,0.34
spotify:track:6gp3RHhdZlrPGaf5qcgFSg,0.000188,0.279,229133.0,0.75,0.0,4.0,0.78,-6.41,0.0,0.112,189.806,4.0,0.317
spotify:track:3PmTW2K6RagNCH4QUeMIiu,0.384,0.382,228785.0,0.522,0.0,6.0,0.123,-7.798,1.0,0.0346,106.498,4.0,0.455
spotify:track:3Te8uLyit6X3ncNW8Fp3K2,0.00139,0.613,189387.0,0.874,1.82e-06,2.0,0.656,-3.594,1.0,0.0697,108.038,4.0,0.543
spotify:track:6ZeQp2XTOiPCePWRfCHSo5,0.723,0.419,196347.0,0.331,1.41e-06,5.0,0.426,-9.013,1.0,0.03,78.501,4.0,0.206
spotify:track:6lV2MSQmRIkycDScNtrBXO,0.11,0.66,180480.0,0.867,0.0,6.0,0.0368,-4.285,0.0,0.116,93.033,4.0,0.377
spotify:track:3gbBpTdY8lnQwqxNCcf795,0.078,0.681,214148.0,0.715,0.0,9.0,0.275,-6.318,1.0,0.0388,127.429,4.0,0.593
spotify:track:25YvADYJ0DUVUhDGM76dkw,0.00146,0.749,178514.0,0.599,0.0,8.0,0.057,-8.285,0.0,0.0311,96.987,4.0,0.849
spotify:track:7IZcUN6QK7Y4S9LrddDYVP,0.00594,0.562,209453.0,0.709,0.299,4.0,0.2,-8.468,0.0,0.0393,129.952,4.0,0.356
spotify:track:6ukMqDxnOPOgoHdak7Kyp3,0.417,0.795,190453.0,0.616,0.0,1.0,0.349,-5.281,0.0,0.06,110.015,4.0,0.815
spotify:track:3QCi7tzTX5RhlR9BI3CbMU,0.00462,0.699,242627.0,0.498,0.00019,9.0,0.312,-7.72,1.0,0.0359,115.983,4.0,0.359
spotify:track:6kyUpVMkX6ymEZQue0bzGj,0.118,0.697,210133.0,0.72,0.0,2.0,0.168,-5.865,1.0,0.0306,127.994,4.0,0.921
spotify:track:7FwUBR93O0aSvXltMM73e7,0.0441,0.703,235755.0,0.731,0.0618,11.0,0.152,-6.643,1.0,0.0379,109.989,4.0,0.596
spotify:track:7AsqUKKbPMxOFNIbRLBxHt,0.000814,0.54,195307.0,0.922,0.0,1.0,0.201,-4.884,0.0,0.0474,124.996,4.0,0.481
spotify:track:6PZby1bNMj2ZEPShwQwJnL,0.0701,0.722,239520.0,0.715,0.0,5.0,0.0993,-7.37,1.0,0.0913,134.972,4.0,0.524
spotify:track:2wqaekenSQZm7hxQOYt8oE,0.162,0.725,247520.0,0.68,2.13e-06,8.0,0.158,-5.465,1.0,0.0306,119.939,4.0,0.76
spotify:track:0yQw3d0iQDjMrxaVHFv77J,0.0607,0.531,226293.0,0.665,0.0,8.0,0.131,-6.672,0.0,0.286,73.726,4.0,0.8
spotify:track:3CB4Wxr7P4MbdCQMt6jPje,2.61e-05,0.463,217427.0,0.976,3.96e-06,8.0,0.105,-3.985,1.0,0.0704,123.057,4.0,0.385
spotify:track:1Ms5naFfMmdgLNIBVxJYjk,0.987,0.376,275827.0,0.13,0.0281,4.0,0.0932,-17.144,1.0,0.0351,125.083,4.0,0.0924
spotify:track:1LJSniVKf2cSGY3LT1oqyk,0.00149,0.47,226480.0,0.813,5.58e-05,5.0,0.0359,-4.564,1.0,0.0314,91.995,4.0,0.304
spotify:track:7zsXy7vlHdItvUSH8EwQss,0.055,0.602,185360.0,0.797,0.0,6.0,0.187,-5.084,0.0,0.0534,92.928,4.0,0.492
spotify:track:2i2zYdN4KCkTCDscdMYr87,0.0932,0.645,203520.0,0.891,3.88e-06,6.0,0.379,-2.505,0.0,0.0387,124.915,4.0,0.568
spotify:track:6f49kbOuQSOsStBpyGvQfA,0.002,0.45,223773.0,0.92,0.0201,11.0,0.334,-4.982,1.0,0.0733,122.979,4.0,0.0773
spotify:track:70CuZJtPDdCD3cphDDhjJq,0.213,0.646,227267.0,0.823,0.0,2.0,0.322,-4.123,0.0,0.0394,128.035,4.0,0.418
spotify:track:3WtCu35qpzGCLIGa8pczdu,0.0622,0.631,270222.0,0.886,5.51e-05,1.0,0.098,-2.016,1.0,0.117,135.032,4.0,0.672
spotify:track:7oK9VyNzrYvRFo7nQEYkWN,0.00108,0.33,222587.0,0.936,0.0,1.0,0.0926,-3.66,1.0,0.0917,148.112,4.0,0.234
spotify:track:6TYWE19e35N7Bn5heHwyY6,0.039,0.553,232643.0,0.564,0.0,9.0,0.318,-7.072,0.0,0.0418,149.953,4.0,0.31
spotify:track:5lV5h6gXFWmfOtMv7Q6Q6n,0.011,0.533,233333.0,0.872,8.19e-06,7.0,0.363,-4.306,1.0,0.0435,87.955,4.0,0.509
spotify:track:4HXOBjwv2RnLpGG4xWOO6N,0.00385,0.425,239216.0,0.69,0.0154,0.0,0.287,-6.221,1.0,0.0351,84.99,4.0,0.233
spotify:track:79NlESqzFSW0hdBWgls4FX,0.48,0.565,230269.0,0.381,0.0,10.0,0.109,-7.204,1.0,0.0302,73.483,4.0,0.325
spotify:track:4L2K7JKseFCBoHMZEAszW0,0.873,0.435,287693.0,0.155,0.0,1.0,0.107,-8.948,1.0,0.046,128.532,3.0,0.0935
spotify:track:0ENSn4fwAbCGeFGVUbXEU3,0.336,0.481,295493.0,0.451,0.0,5.0,0.0872,-6.095,0.0,0.0347,157.966,4.0,0.289
spotify:track:3ujORpm8Hf7QWEtfqSAZL8,0.196,0.671,161145.0,0.924,0.000214,10.0,0.12,-3.239,1.0,0.0529,97.012,4.0,0.17
spotify:track:5hA8S42MUtMJ0LbRupnpM1,0.0331,0.57,229914.0,0.627,0.000278,7.0,0.0682,-5.085,0.0,0.0377,94.983,4.0,0.0797
spotify:track:13HVjjWUZFaWilh2QUJKsP,0.804,0.568,260533.0,0.293,1.26e-05,1.0,0.107,-10.253,1.0,0.0313,147.175,4.0,0.247
spotify:track:4Ld3RS6KBXGsvtfmnjxlVl,0.423,0.622,207013.0,0.701,0.0,8.0,0.0955,-5.452,1.0,0.0559,179.998,4.0,0.645
spotify:track:6YVpU5vVxezJCYeQUxIkRT,0.0793,0.795,199849.0,0.611,3.04e-06,5.0,0.0853,-5.224,0.0,0.0711,110.016,4.0,0.404
spotify:track:6Xs7OKt6i0Ddq8B4M5Dgvr,0.0118,0.448,183808.0,0.694,0.0,0.0,0.34,-5.066,0.0,0.0303,86.897,4.0,0.336
spotify:track:6U4VqEHy4n5VeiH4pQPL24,0.278,0.782,163893.0,0.751,0.0,5.0,0.0367,-7.023,1.0,0.28,135.277,4.0,0.688
spotify:track:3JPHVuuNYeqVfIslhpDGRd,0.00557,0.582,300923.0,0.631,0.00359,4.0,0.263,-8.072,1.0,0.0258,130.004,4.0,0.208
spotify:track:6c6W25YoDGjTq3qSPOga5t,0.0661,0.688,228373.0,0.706,0.125,6.0,0.118,-7.31,1.0,0.0324,112.019,4.0,0.689
spotify:track:6GUYrvjCbHAmKV1G7Frt6L,0.00859,0.492,230267.0,0.852,1.97e-06,2.0,0.293,-5.161,1.0,0.065,127.99,4.0,0.446
spotify:track:17oLsEzzlGFlrBKViCzmGc,0.952,0.479,286667.0,0.174,0.841,10.0,0.115,-18.021,0.0,0.0371,103.577,4.0,0.296
spotify:track:3tm3GG9BBOYhUzKWlS6A74,0.324,0.65,251160.0,0.879,0.0,8.0,0.376,-3.176,1.0,0.0328,105.015,4.0,0.899
spotify:track:2EcsgXlxz99UMDSPg5T8RF,0.228,0.558,271813.0,0.522,0.0,2.0,0.104,-5.857,1.0,0.036,83.977,4.0,0.228
spotify:track:60LVqRfDrnuoQBo4MlJBqO,0.0113,0.507,239053.0,0.867,0.000188,11.0,0.0976,-5.494,1.0,0.0342,134.954,4.0,0.356
spotify:track:7J2EJ4QMpGUbB2H3SYYYtU,0.0202,0.488,202794.0,0.715,0.0,8.0,0.1,-4.587,1.0,0.06,95.996,4.0,0.361
spotify:track:4CbKVDZkYKdv69I4bCaKUq,0.00791,0.533,186813.0,0.967,0.0,1.0,0.336,-2.543,1.0,0.0995,142.018,4.0,0.782
spotify:track:4dPO51zk2BiD4Zs2N4HbVc,0.00217,0.558,200684.0,0.923,0.000894,11.0,0.121,-3.776,0.0,0.0614,128.022,4.0,0.42
spotify:track:5VInoBRoNHnhCkVJ4sOExy,0.577,0.312,218520.0,0.151,2.57e-05,9.0,0.0664,-10.985,0.0,0.0308,74.712,4.0,0.376
spotify:track:5TTC4Zlia6gA9Ttu8uYS66,0.665,0.58,302698.0,0.861,0.000721,11.0,0.0958,-5.695,1.0,0.0495,130.014,4.0,0.268
spotify:track:1WP1r7fuvRqZRnUaTi2I1Q,0.0152,0.746,206880.0,0.754,0.0,1.0,0.0486,-6.681,1.0,0.067,149.882,4.0,0.764
spotify:track:0qHvv36mhpqcnUQGdiuolO,0.595,0.58,218759.0,0.699,0.0,6.0,0.0845,-4.327,1.0,0.0553,124.009,4.0,0.583
spotify:track:7lqkNvVxJdYDCSAwSJNzHs,0.00708,0.555,186880.0,0.533,0.0,5.0,0.133,-5.115,1.0,0.0259,82.976,4.0,0.428
spotify:track:5LOaKdW9D2Gl9neAN94NbR,0.0575,0.445,237547.0,0.59,1.08e-05,9.0,0.0832,-6.747,1.0,0.0258,172.016,4.0,0.334
spotify:track:45vSwCZk98fVtPESsEG76B,0.909,0.609,243670.0,0.17,0.0,9.0,0.0791,-12.252,1.0,0.036,153.076,3.0,0.572
spotify:track:6tSDIggM6oqJQAqmfAA43A,0.0768,0.572,302040.0,0.802,2.63e-05,2.0,0.111,-6.127,1.0,0.0363,104.995,4.0,0.15
spotify:track:31CgXALwzNeJCCiVk32ZFd,0.13,0.282,189560.0,0.804,0.122,9.0,0.26,-5.725,0.0,0.0588,180.073,4.0,0.149
spotify:track:2NiqUlgIt00byjqwaQ3ptB,0.954,0.362,365640.0,0.379,0.77,5.0,0.117,-8.187,1.0,0.0378,166.958,3.0,0.0859
spotify:track:5CYJB5Md92kvcrZ4lJDALY,0.147,0.651,240893.0,0.898,0.0,11.0,0.111,-4.928,1.0,0.0382,126.046,4.0,0.575
spotify:track:7LVHVU3tWfcxj5aiPFEW4Q,0.163,0.209,295533.0,0.418,0.00195,3.0,0.113,-8.74,1.0,0.0338,138.265,4.0,0.123
spotify:track:2So9pYqQ0JWvFhasJfI871,0.00377,0.651,250714.0,0.771,1.82e-05,9.0,0.238,-6.541,0.0,0.0313,112.014,4.0,0.456
spotify:track:27vTihlWXiz9f9lJM3XGVU,0.0133,0.726,188174.0,0.429,0.0,0.0,0.0574,-6.623,1.0,0.0519,85.899,4.0,0.871
spotify:track:6RjW45KHJ6kgI2xQ1aFa52,0.126,0.667,198907.0,0.619,0.0,2.0,0.101,-4.933,1.0,0.151,169.865,4.0,0.427
spotify:track:1sYSP7gKa5kdKIfhANfori,0.0632,0.623,223847.0,0.493,0.0,5.0,0.104,-7.727,0.0,0.0338,81.019,4.0,0.594
spotify:track:2ODVmDLAqFebH41ppZ97Gz,0.18,0.536,214320.0,0.625,1.27e-06,0.0,0.0985,-4.506,1.0,0.0376,118.054,4.0,0.142
spotify:track:0BhZWr9gPZNlVdWWigvYA9,0.000714,0.495,202496.0,0.959,0.0,1.0,0.36,-3.712,0.0,0.137,159.993,4.0,0.431
spotify:track:2WwzQJt4hG7YC6x16ZTYFM,0.38,0.482,183333.0,0.724,0.00243,0.0,0.376,-6.047,1.0,0.0748,179.877,4.0,0.384
spotify:track:3VZlRnmucKiGNs2CRZ2AP1,0.124,0.519,220360.0,0.625,0.0,5.0,0.227,-3.736,0.0,0.0288,139.885,4.0,0.138
spotify:track:2w2lfwoTELQyN940qM7Nfd,0.417,0.466,203641.0,0.747,9.76e-06,4.0,0.107,-4.838,0.0,0.0795,92.161,4.0,0.43
spotify:track:7brQHA2CgQpcMBiOlfiXYb,0.00892,0.464,251187.0,0.701,0.309,6.0,0.335,-5.693,0.0,0.0411,83.996,4.0,0.356
spotify:track:0OncYtOA5vIYQ8SniOpW1C,0.00291,0.487,185480.0,0.849,0.0,6.0,0.154,-5.555,1.0,0.0417,110.013,4.0,0.307
spotify:track:7JGqyqdzijtJeqVRhADFZd,0.0691,0.654,200204.0,0.752,1.79e-06,11.0,0.077,-3.676,0.0,0.0316,97.998,4.0,0.453
spotify:track:4inATX2aHotjGxzLIcHSjN,0.0098,0.781,208940.0,0.578,0.0,4.0,0.135,-7.42,0.0,0.0321,118.003,4.0,0.704
spotify:track:2s7b0tzMcYpgoFMSR041E4,0.126,0.572,205147.0,0.919,0.0,7.0,0.147,-2.085,0.0,0.107,82.037,4.0,0.562
spotify:track:27d1rlgXRflIsqTatfrf2T,0.00855,0.526,236120.0,0.774,0.0135,7.0,0.0674,-7.651,1.0,0.03,117.93,4.0,0.0512
spotify:track:6wIuXffmapTD8RQgo2sFdL,0.428,0.737,190347.0,0.733,0.0,10.0,0.381,-5.013,1.0,0.0447,96.013,4.0,0.57
spotify:track:00GfiT5AxTNSDQihPeMRkM,0.299,0.575,228750.0,0.75,0.0,6.0,0.268,-3.798,0.0,0.0438,128.091,4.0,0.609
spotify:track:5ZkAx8zjLiSs1nMmBwJoZS,0.0243,0.631,218093.0,0.838,0.0,11.0,0.0512,-6.817,0.0,0.0818,127.938,4.0,0.388
spotify:track:4KbGYF7kRX7P41uG3q08dL,0.00821,0.395,274843.0,0.922,0.00075,9.0,0.464,-3.726,0.0,0.0972,149.938,4.0,0.465
spotify:track:407vJkfEQMGDu1MVCWNnMX,0.000742,0.533,201627.0,0.903,0.0777,11.0,0.0641,-2.984,1.0,0.0797,130.989,4.0,0.476
spotify:track:1ZJmzYcbZtA3aLV1OzdLCu,0.00531,0.52,198477.0,0.775,2.38e-06,6.0,0.0998,-5.653,1.0,0.0339,128.921,4.0,0.361
spotify:track:7wZorJD5loL9ceLJ67sg6S,0.021,0.495,192632.0,0.831,4.79e-05,5.0,0.495,-5.812,0.0,0.0319,128.064,5.0,0.414
spotify:track:7fLOFRCRe1c4kyoLJkNW1w,0.00266,0.498,203280.0,0.877,0.25,2.0,0.411,-3.84,0.0,0.0597,128.069,4.0,0.619
spotify:track:6hzwfFKrTabeUsW5SWti17,1.34e-05,0.418,253707.0,0.906,0.0216,2.0,0.164,-3.754,1.0,0.0368,173.998,4.0,0.164
spotify:track:5vUNRJsvEOUsz4sbKkJpFr,0.981,0.351,223429.0,0.255,0.000239,8.0,0.109,-8.628,1.0,0.0282,95.503,4.0,0.248
spotify:track:7M9t7BCy51ITF8IMyiemzk,0.116,0.692,223827.0,0.782,0.0,9.0,0.152,-4.588,0.0,0.0861,113.881,4.0,0.697
spotify:track:2xEqVp0rgH1qe4pnqPwjLF,0.313,0.747,140062.0,0.527,1.19e-06,9.0,0.0531,-7.604,0.0,0.0616,140.005,4.0,0.608
spotify:track:7JJOM7K1yg6fLdg10Y2KxR,0.112,0.873,221022.0,0.448,1.35e-05,6.0,0.122,-9.143,0.0,0.0911,118.972,4.0,0.313
spotify:track:5zvJELVKAnPkscGc5aLKJI,0.471,0.406,233467.0,0.62,9.72e-05,9.0,0.0893,-8.751,1.0,0.153,129.812,4.0,0.26
spotify:track:7stUlbPG1vM76OIGfpbeik,0.312,0.771,185470.0,0.545,4.08e-06,1.0,0.123,-6.654,1.0,0.0396,90.018,4.0,0.854
spotify:track:4frN6CneOJqtExR9LCf5oA,0.0297,0.605,158360.0,0.788,0.418,6.0,0.189,-5.902,0.0,0.05,103.002,4.0,0.435
spotify:track:7IX7VAXujvcZ3e1PG7sGP7,0.964,0.288,111853.0,0.285,0.898,7.0,0.406,-18.192,0.0,0.0355,127.122,4.0,0.148
spotify:track:5HjBpej4uHPAX8sMeUFJms,0.459,0.323,270511.0,0.558,2.81e-06,5.0,0.676,-5.292,0.0,0.337,73.552,4.0,0.199
spotify:track:1aib3Dsg5Chhb5yvgTq9mW,0.166,0.439,267557.0,0.667,0.0,5.0,0.104,-6.017,1.0,0.117,117.019,4.0,0.368
spotify:track:57wyLm1TrXFisZAtzRzalS,0.108,0.342,211566.0,0.719,0.0,7.0,0.9,-4.711,1.0,0.281,76.552,4.0,0.4
spotify:track:2ir98K9reYP5iiHKLeeoXt,0.137,0.433,251427.0,0.854,0.0,0.0,0.0852,-4.57,1.0,0.0564,153.02,4.0,0.353
spotify:track:7D49Iig0avHre9RFSUMkd2,0.0728,0.596,234547.0,0.85,0.0,9.0,0.26,-5.402,1.0,0.0452,119.985,4.0,0.386
spotify:track:07n5q3XpG83U9Rt3QW6c0o,0.00476,0.523,243227.0,0.434,0.107,9.0,0.622,-10.103,0.0,0.0584,82.973,4.0,0.073
spotify:track:2rizacJSyD9S1IQUxUxnsK,0.097,0.662,194080.0,0.586,0.00272,0.0,0.115,-8.821,1.0,0.0307,90.0,4.0,0.296
spotify:track:3zd6KpEDqhXNpmvVlVw3ER,0.0162,0.603,268350.0,0.55,9.77e-06,10.0,0.364,-7.854,0.0,0.0278,129.945,4.0,0.0994
spotify:track:2PC9Tl8SWVO2yhDDtJcrAi,0.017,0.627,247427.0,0.717,0.0,8.0,0.261,-5.751,0.0,0.0376,105.05,4.0,0.561
spotify:track:5pD9x23lsoQr464mlmaKNJ,0.073,0.451,237915.0,0.809,0.0,0.0,0.201,-5.327,1.0,0.141,189.888,4.0,0.481
spotify:track:2iOiRhJanIu1jNSzwaleEf,0.111,0.574,200160.0,0.895,5.99e-05,2.0,0.332,-2.821,0.0,0.0403,127.89,4.0,0.223
spotify:track:72R0X0h8YaxYNpegeoOl0M,0.0928,0.488,235813.0,0.794,2.54e-05,9.0,0.223,-6.366,1.0,0.0347,174.05,4.0,0.358
spotify:track:1WIfWj5skn5UUZTs4cEFBe,0.283,0.799,217566.0,0.436,0.000105,1.0,0.0968,-9.975,0.0,0.379,80.028,4.0,0.311
spotify:track:0tgSfSdSQHCaHUVPKtZ0xX,0.00168,0.577,190187.0,0.912,0.000901,11.0,0.192,-5.134,0.0,0.0569,110.01,4.0,0.64
spotify:track:1Hfvndy2EKJhc9rnuy1lB7,0.00205,0.413,239987.0,0.783,1.44e-06,10.0,0.105,-7.136,0.0,0.0278,172.442,4.0,0.882
spotify:track:3YQ96qkxiEwTLwgu2Izcmq,0.0158,0.575,196533.0,0.694,0.0,1.0,0.108,-5.675,1.0,0.0709,77.539,4.0,0.442
spotify:track:3BxzQaXrfoWo1lYLZjJqyD,0.963,0.572,218492.0,0.319,0.0,4.0,0.161,-6.206,1.0,0.0685,110.922,4.0,0.359
spotify:track:4alDuC9zWb3LyxdDEiPMoz,0.373,0.795,271097.0,0.368,1.8e-06,7.0,0.0527,-8.862,1.0,0.0525,110.023,4.0,0.447
spotify:track:0xMd5bcWTbyXS7wPrBtZA6,0.296,0.516,231212.0,0.772,0.0,10.0,0.101,-5.031,0.0,0.0476,87.038,4.0,0.323
spotify:track:0833lEyrGiW3sn83b0YXk4,0.87,0.274,198114.0,0.278,0.0,7.0,0.429,-10.201,1.0,0.0408,80.727,4.0,0.188
spotify:track:49a8QMjWv68xyGEW6LwIr3,0.00594,0.61,208107.0,0.765,1.38e-05,3.0,0.279,-5.459,0.0,0.042,114.003,4.0,0.525
spotify:track:4J5ohusDakrroyzmGOcHK4,0.000257,0.611,261187.0,0.772,0.0848,6.0,0.292,-4.155,1.0,0.0314,115.987,4.0,0.315
spotify:track:6GRDI9suQHikFP6euIXnpq,0.213,0.341,190280.0,0.539,6.44e-05,5.0,0.109,-5.76,1.0,0.0265,174.564,4.0,0.267
spotify:track:2H5zEqKTCWskpRYHvAonVz,0.00765,0.206,284467.0,0.631,0.0,4.0,0.398,-4.851,1.0,0.0433,57.119,4.0,0.329
spotify:track:4KANJH1baadr3U7XsVbM17,0.168,0.686,241267.0,0.59,0.0,7.0,0.118,-6.923,1.0,0.03,98.991,4.0,0.629
spotify:track:4s5vg4V1Wk6gPzUPTR5gNc,0.202,0.76,195364.0,0.454,0.0,8.0,0.0614,-9.021,1.0,0.0358,99.973,4.0,0.677
spotify:track:3EmmCZoqpWOTY1g2GBwJoR,0.00383,0.647,198774.0,0.932,1.5e-06,11.0,0.0574,-3.515,1.0,0.0824,114.991,4.0,0.374
spotify:track:2EWpa5XnAuSn0sIkSSIhYk,0.13,0.651,274093.0,0.716,0.0616,0.0,0.125,-6.516,0.0,0.0258,101.05,4.0,0.722
spotify:track:6TTtJwtPEAI7yPHKR3XEKE,0.733,0.542,202507.0,0.388,2.97e-05,10.0,0.19,-8.998,1.0,0.0278,81.284,4.0,0.587
spotify:track:5Ou1XCyt2XD72ginDwg5FR,0.00304,0.744,199306.0,0.81,0.0,9.0,0.0994,-4.292,1.0,0.0612,122.016,4.0,0.388
spotify:track:5pY3ovFxbvAg7reGZjJQSp,0.638,0.641,299147.0,0.176,5.14e-06,6.0,0.252,-11.692,1.0,0.0349,76.031,4.0,0.297
spotify:track:6TNN9i2o484cOTck3KUARi,0.0656,0.619,206560.0,0.748,1.86e-05,7.0,0.241,-5.961,1.0,0.033,114.983,4.0,0.299
spotify:track:1almCHdsfikRPfVB9VrEdT,0.746,0.5,185200.0,0.292,0.0,0.0,0.188,-8.554,1.0,0.0323,145.879,4.0,0.37
spotify:track:4s9MBsOC7ntOehwpH0EJLL,0.000619,0.398,249200.0,0.726,0.0,2.0,0.343,-6.093,0.0,0.0587,116.748,4.0,0.311
spotify:track:4wsdlULVkuqxlu9Zmj7chj,0.00823,0.475,171360.0,0.591,0.0,1.0,0.0949,-5.453,0.0,0.0289,73.976,4.0,0.233
spotify:track:1vIHDoWHLavGdW8dJZYjbj,0.706,0.441,225787.0,0.387,2.36e-06,3.0,0.108,-7.546,1.0,0.0291,144.685,3.0,0.395
spotify:track:7dpVgrdC2trdefUVOtYRrf,0.14,0.515,197007.0,0.857,0.0,4.0,0.0724,-3.783,1.0,0.0787,128.052,4.0,0.304
spotify:track:6J3XziQo8hqThaKUG6CS9a,0.3,0.422,223853.0,0.555,1.64e-06,7.0,0.224,-6.892,1.0,0.0358,123.273,4.0,0.0852
spotify:track:0Rm2G83ELwkuEgpHlJcBPn,0.951,0.406,173500.0,0.0307,0.0,0.0,0.0984,-17.636,1.0,0.04,136.716,4.0,0.245
spotify:track:6u3mqOabKBU0grONrGMEGC,0.00486,0.678,201290.0,0.663,0.0,4.0,0.104,-6.753,0.0,0.0691,123.951,4.0,0.494
spotify:track:0OKXWGeEbj7FPR7NkJ7MCM,0.0374,0.491,266253.0,0.713,0.374,9.0,0.3,-7.734,0.0,0.0395,128.018,4.0,0.289
spotify:track:4DtSJ8YfLMqsUXTYOoeVyV,0.0153,0.472,251479.0,0.682,0.000184,7.0,0.269,-6.45,1.0,0.0386,132.062,4.0,0.168
spotify:track:5GVJMiKlCEQUPDzaZaYHfO,0.00999,0.649,251533.0,0.882,0.164,1.0,0.12,-7.912,1.0,0.0877,114.891,4.0,0.399
spotify:track:31L9yLXSj6LpCFupyMV6CR,0.0485,0.48,405320.0,0.718,0.000343,7.0,0.102,-5.461,1.0,0.0603,163.987,4.0,0.252
spotify:track:0sQLhT32E9ZG2zn5iYR6nN,0.328,0.508,227280.0,0.677,0.0,1.0,0.0491,-5.696,1.0,0.0656,121.928,5.0,0.575
spotify:track:55HpKcJUfEHzX8fUMvCjG9,0.159,0.78,229120.0,0.849,0.0,6.0,0.93,-5.646,1.0,0.064,125.018,4.0,0.662
spotify:track:1zyMwU1NtRDkuQWthUbGsL,0.0335,0.218,178308.0,0.464,0.962,7.0,0.122,-9.013,0.0,0.0335,139.32,4.0,0.0414
spotify:track:6Iocm6VMu6bVNYwiDoyQFW,0.155,0.353,238693.0,0.822,0.0,7.0,0.332,-1.866,1.0,0.232,167.905,4.0,0.237
spotify:track:5ml7wqgv2ZZ5JJ6U8ZLon9,0.00233,0.492,243907.0,0.886,0.0,3.0,0.0762,-4.109,1.0,0.0399,167.029,4.0,0.653
spotify:track:6fM3f2FhAR0UqqrhuW1EXy,0.00574,0.542,232347.0,0.773,0.00576,11.0,0.309,-6.856,0.0,0.039,104.958,4.0,0.343
spotify:track:2a1o6ZejUi8U3wzzOtCOYw,0.0813,0.467,198773.0,0.92,0.0,0.0,0.0494,-4.78,1.0,0.239,130.012,4.0,0.849
spotify:track:0My8NPmENHrN5W7OfgZnZJ,0.654,0.43,232520.0,0.587,8.83e-05,9.0,0.158,-8.003,1.0,0.0348,156.006,4.0,0.332
spotify:track:5YHR8wBR5jXfGtP766NiAT,0.0487,0.503,203105.0,0.843,0.0,10.0,0.344,-4.991,0.0,0.316,128.63,4.0,0.778
spotify:track:2iZI2oFsOEUNK4gouZaU29,0.0141,0.489,204067.0,0.824,1.94e-06,2.0,0.189,-5.085,1.0,0.0504,120.19,4.0,0.468
spotify:track:0vg4WnUWvze6pBOJDTq99k,0.633,0.675,209493.0,0.479,1.76e-05,0.0,0.088,-9.87,0.0,0.0278,81.998,4.0,0.454
spotify:track:6yIdwnpDHufLWgQcveTPMk,0.0546,0.74,245200.0,0.46,1.35e-05,0.0,0.353,-8.363,1.0,0.0674,117.988,4.0,0.0832
spotify:track:0BJPGg90E6p2Ve0D8EcZGF,0.00156,0.501,187013.0,0.931,2.03e-06,6.0,0.186,-3.839,1.0,0.0754,128.055,4.0,0.376
spotify:track:6sXcXPhfUXcoByaxq1k999,0.0267,0.557,218533.0,0.924,0.0,7.0,0.21,-3.436,1.0,0.158,149.024,4.0,0.741
spotify:track:4giCxIFPZNQIP4bIZM4sqH,0.274,0.387,376827.0,0.66,5.97e-05,3.0,0.0861,-6.491,1.0,0.0434,146.04,4.0,0.289
spotify:track:1WQvmGZIMBmapHL3Garw7e,0.122,0.567,311373.0,0.539,0.0,0.0,0.11,-11.203,0.0,0.169,91.205,4.0,0.429
spotify:track:66WcaWVGRFmpx0euxmw9yM,0.0415,0.434,219429.0,0.755,2.57e-05,2.0,0.106,-5.735,1.0,0.659,87.383,4.0,0.217
spotify:track:3T4hlmXobf6EOQTTy8hmaV,0.00104,0.432,258800.0,0.629,0.0895,0.0,0.104,-8.183,1.0,0.0329,140.016,4.0,0.0674
spotify:track:3ehS2qoua1T7F3PxdN4k49,0.227,0.537,239200.0,0.579,0.0642,4.0,0.125,-9.339,0.0,0.0337,124.945,4.0,0.0458
spotify:track:3UFn9DppMdzAiEY46eDSNr,0.001,0.532,225827.0,0.903,0.00345,7.0,0.279,-6.27,1.0,0.0321,127.992,4.0,0.487
spotify:track:5iedbcsUvjpnAlChFvNsgC,0.00121,0.468,293040.0,0.559,0.0,0.0,0.0866,-6.138,0.0,0.027,79.962,4.0,0.113
spotify:track:1upL3KTCPNq68xOPlUvIYS,0.0298,0.467,205347.0,0.732,0.0,9.0,0.162,-5.545,1.0,0.0272,136.029,4.0,0.404
spotify:track:1isXdpzFMO6EIkgdWjV2D8,0.196,0.571,221200.0,0.646,6.67e-05,4.0,0.0637,-6.286,0.0,0.0487,132.105,3.0,0.0725
spotify:track:0f3VCprEO3u4j93FtHxTbj,0.0285,0.672,229436.0,0.651,0.0,10.0,0.108,-5.971,0.0,0.036,128.022,4.0,0.311
spotify:track:4U38hORPx8SsUAXGumsUYN,0.214,0.669,204785.0,0.726,0.0,1.0,0.113,-4.517,0.0,0.0712,145.916,4.0,0.534
spotify:track:4FqMPJlvfY5Nfo3gRKcNxl,0.0673,0.521,249500.0,0.827,0.0,1.0,0.0793,-4.792,1.0,0.0586,100.028,4.0,0.555
spotify:track:5f6cTFoUenDiCJDGecYiuB,0.114,0.538,286480.0,0.708,0.0,11.0,0.219,-5.676,1.0,0.0396,130.648,4.0,0.482
spotify:track:4EutBM1vblSvv4Fv1WWop4,0.242,0.38,194093.0,0.659,0.0,10.0,0.104,-3.81,0.0,0.037,95.716,4.0,0.181
spotify:track:3fNjgK9w11pnoR9pYrq2il,0.815,0.589,187440.0,0.262,0.0,0.0,0.0893,-7.229,1.0,0.0325,124.052,4.0,0.415
spotify:track:4Zns33vgNN1aWSpqOgAH3b,0.241,0.623,234573.0,0.553,0.0,6.0,0.08,-7.421,0.0,0.0255,167.978,4.0,0.666
spotify:track:37bnLITTrnkFXhjgHekKfk,0.0335,0.427,247427.0,0.761,1.6e-05,0.0,0.21,-6.944,1.0,0.0567,139.999,4.0,0.224
spotify:track:5xRQ37EHWG6TLD6Yewm1zf,0.195,0.568,201375.0,0.88,0.0,2.0,0.123,-2.684,1.0,0.0474,159.905,4.0,0.771
spotify:track:1utjKRucyp1qt6wOQrEqy6,0.00269,0.575,260975.0,0.798,0.138,2.0,0.0681,-7.194,0.0,0.0662,76.956,4.0,0.162
spotify:track:0D6EkCvMetAOPXTPmHW98Y,0.0893,0.498,221773.0,0.741,0.0,5.0,0.328,-5.006,0.0,0.0472,82.976,4.0,0.301
spotify:track:464aQpCDwedVA34R0kHRC9,0.681,0.623,194678.0,0.59,0.0,9.0,0.0601,-4.47,1.0,0.031,128.075,4.0,0.226
spotify:track:7fJFDK6XjYsXcMKNHESbot,0.271,0.484,267533.0,0.735,7.49e-06,0.0,0.0853,-5.125,1.0,0.0354,134.028,4.0,0.217
spotify:track:0EKmlWRZxxz8FXm7YIfr1N,0.661,0.507,205027.0,0.873,0.00012,6.0,0.148,-6.865,0.0,0.0907,120.178,4.0,0.533
spotify:track:4BycRneKmOs6MhYG9THsuX,0.0246,0.623,208947.0,0.598,0.0,6.0,0.0324,-5.914,0.0,0.167,96.081,4.0,0.822
spotify:track:6MpjJlAYJmgEGas0eiHChg,0.331,0.557,199080.0,0.724,0.0,1.0,0.105,-3.547,1.0,0.0374,125.007,4.0,0.355
spotify:track:5Bvz6Q8WriIBa1Ax83ywsi,0.0515,0.599,220146.0,0.71,0.0743,9.0,0.0929,-6.816,0.0,0.0554,126.031,4.0,0.358
spotify:track:3RiPr603aXAoi4GHyXx0uy,0.255,0.49,258827.0,0.743,7.21e-06,0.0,0.3,-5.155,0.0,0.0409,89.974,4.0,0.363
spotify:track:5LM6dSnTcIVOqgsB274qo5,0.00203,0.545,225200.0,0.851,0.787,0.0,0.362,-6.513,1.0,0.0316,126.908,4.0,0.21
spotify:track:1rhvSqzpgeBiTRf9agCKdy,0.0291,0.63,170000.0,0.761,0.0,0.0,0.674,-4.411,1.0,0.043,128.063,4.0,0.516
spotify:track:2JDMJhjJmx2GtMz5HFSTim,0.000733,0.422,202840.0,0.904,2.41e-06,9.0,0.0878,-3.546,1.0,0.0652,126.813,4.0,0.335
spotify:track:5Az8KU81g2aLBbJN67F2CI,0.000501,0.466,244693.0,0.763,0.0,0.0,0.0973,-4.448,1.0,0.0318,154.914,4.0,0.293
spotify:track:2YlZnw2ikdb837oKMKjBkW,0.4,0.63,225053.0,0.53,0.0,0.0,0.177,-7.259,1.0,0.0434,108.038,3.0,0.417
spotify:track:4kbj5MwxO1bq9wjT5g9HaA,0.00701,0.578,199080.0,0.866,0.0,1.0,0.257,-3.804,1.0,0.0619,128.038,4.0,0.619
spotify:track:2oTdiDj4AawNeeYFz8bipG,0.063,0.587,240747.0,0.916,0.0,4.0,0.25,-4.879,0.0,0.0605,134.029,4.0,0.645
spotify:track:68gSCgJ26iuMOBxB2bvMxC,0.193,0.637,208559.0,0.755,0.0,0.0,0.0981,-3.998,0.0,0.0362,127.99,4.0,0.537
spotify:track:6gAiHUYyNmdZZo9NSnz11w,0.00259,0.712,217680.0,0.476,0.000539,0.0,0.09,-5.684,1.0,0.0846,155.96,4.0,0.31
spotify:track:3i4SQvUfK8Un3YkraZwkNr,0.0335,0.57,278174.0,0.888,1.53e-06,2.0,0.048,-3.172,1.0,0.044,128.025,4.0,0.211
spotify:track:3z4V7pIeN0EGYS9X0DVMC3,0.678,0.57,285061.0,0.399,0.00053,4.0,0.257,-10.196,1.0,0.029,118.035,4.0,0.172
spotify:track:043MJ8zk9VQLvXXV01UbH6,0.931,0.289,188000.0,0.36,0.88,5.0,0.265,-13.008,1.0,0.0391,119.899,4.0,0.366
spotify:track:17buItCAF63E5XbCmshCmD,0.127,0.669,197000.0,0.693,2.94e-06,9.0,0.174,-6.407,0.0,0.0695,100.946,4.0,0.398
spotify:track:6K5xY7EabiBLjd2HuBQIak,0.05,0.712,206213.0,0.694,0.000377,5.0,0.0904,-6.621,1.0,0.0479,114.975,4.0,0.643
spotify:track:2FybdZLJNZUV4gdWuMBaEA,0.0215,0.524,293216.0,0.701,0.0,10.0,0.109,-6.735,1.0,0.0322,127.982,4.0,0.209
spotify:track:75JFxkI2RXiU7L9VXzMkle,0.727,0.56,309600.0,0.442,1.71e-05,5.0,0.11,-7.224,1.0,0.0243,146.448,4.0,0.212
spotify:track:5toJazjQdfoFMFiNSMY48k,0.0096,0.474,186280.0,0.802,1.2e-06,0.0,0.345,-3.38,1.0,0.0434,92.014,4.0,0.695
spotify:track:3C4w6xn8ywZX6tPY110Avs,0.192,0.525,174880.0,0.899,0.0,2.0,0.116,-3.941,1.0,0.0533,132.06,4.0,0.666
spotify:track:0gxSpmiUuGd9CgXVp82Jm9,0.671,0.605,228502.0,0.442,0.0,11.0,0.109,-9.817,1.0,0.046,73.941,4.0,0.267
spotify:track:6W9diysjR1V67SRLaygwlI,0.0344,0.381,203579.0,0.44,4.09e-06,5.0,0.119,-5.539,0.0,0.0792,178.708,3.0,0.375
spotify:track:7HzCxalzzYQOFb9a7Xs3j6,0.0331,0.678,198760.0,0.783,1.51e-05,7.0,0.134,-4.672,0.0,0.0828,102.0,4.0,0.679
spotify:track:7gBj0VgcuAgkXkiRRYvSmK,0.0444,0.648,239465.0,0.736,0.000137,8.0,0.171,-7.948,1.0,0.0385,103.027,4.0,0.378
spotify:track:2A64Mift0lNxOhTZuUDqd0,0.0243,0.674,244890.0,0.759,0.00234,8.0,0.103,-6.304,1.0,0.0305,127.977,4.0,0.4
spotify:track:2SHnUyZq0zwmvRIl4WY77G,0.00413,0.663,290760.0,0.822,0.00318,9.0,0.234,-2.909,1.0,0.0557,128.002,4.0,0.567
spotify:track:60LPsOJpJbhoCRvPmD0HqM,0.00229,0.517,179670.0,0.86,0.0,4.0,0.175,-4.524,1.0,0.044,133.066,4.0,0.513
spotify:track:3CeYdUfGPCjKMDYyI1PpCh,0.00316,0.458,255373.0,0.795,0.000202,0.0,0.0756,-3.265,1.0,0.0574,123.229,4.0,0.513
spotify:track:14r8EH986f1LJs7YQfvH7X,0.00159,0.379,167471.0,0.795,0.0,4.0,0.0939,-4.867,0.0,0.0384,102.449,4.0,0.574
spotify:track:6mYXhTAeY1AFYS1gHYQiuv,0.0398,0.674,191947.0,0.867,0.0,2.0,0.65,-2.277,1.0,0.295,83.007,4.0,0.709
spotify:track:0Zbbxnx4SGGHoIow4PpISP,0.152,0.677,236853.0,0.497,0.0,5.0,0.0911,-5.763,1.0,0.0809,99.137,4.0,0.419
spotify:track:0mGeaxNzBIm0vMNjxKX5Xs,0.0485,0.603,207166.0,0.679,0.0,8.0,0.0871,-5.351,1.0,0.0305,100.003,4.0,0.536
spotify:track:6tFeZgmfkspHPH33MWe3m0,0.043,0.6,258907.0,0.787,0.0,6.0,0.358,-5.163,1.0,0.0366,127.977,4.0,0.608
spotify:track:7HqtFBLJcilvyUuMav4Y5W,0.0343,0.366,220867.0,0.685,0.0248,11.0,0.232,-5.91,0.0,0.0437,113.706,4.0,0.369
spotify:track:4gRFZD5eZiagiw5qdSX5mn,0.0963,0.435,207413.0,0.802,0.0,0.0,0.64,-3.252,0.0,0.0622,170.129,4.0,0.254
spotify:track:52UUUJnBvaEX4LtEbtJgUI,0.474,0.672,184960.0,0.396,0.0,2.0,0.0921,-9.489,0.0,0.0349,130.015,4.0,0.458
spotify:track:0IKK48xF4eEdfofyaeKWWO,0.104,0.588,203686.0,0.702,0.0,11.0,0.089,-4.271,1.0,0.0496,124.909,4.0,0.429
spotify:track:6ROiS5xMT041FmOEodgkUO,0.0242,0.57,243280.0,0.782,6.66e-05,9.0,0.329,-4.379,0.0,0.0331,127.94,4.0,0.276
spotify:track:5kZRoc6Gz7u5eu4a0YM2LS,0.0206,0.731,158474.0,0.639,1.29e-05,9.0,0.0789,-6.597,1.0,0.0359,122.08,4.0,0.527
spotify:track:2y3s9d5xLQ7CZOuaPoIWhj,0.000739,0.465,261720.0,0.896,1.7e-05,4.0,0.0972,-4.63,0.0,0.0676,127.936,4.0,0.338
spotify:track:3wtV2ifnHzirkAElgTGh63,0.0172,0.45,271107.0,0.638,0.432,5.0,0.141,-5.795,1.0,0.0273,96.988,3.0,0.292
spotify:track:1ZGRG4rjkltlWg6jxcaWKW,0.034,0.55,271293.0,0.625,0.62,0.0,0.141,-7.528,1.0,0.032,120.027,4.0,0.215
spotify:track:34i4yxPrHWquuR4kjiivFO,0.201,0.674,233077.0,0.593,0.000529,11.0,0.209,-6.47,0.0,0.0582,116.995,4.0,0.464
spotify:track:2WWfjbHALIb3e7FMcj9mr4,0.0334,0.558,237140.0,0.733,0.00193,8.0,0.193,-6.65,1.0,0.0693,89.992,4.0,0.173
spotify:track:7jZHUhAmW5oq1cq6s8IxmK,0.191,0.683,160000.0,0.481,0.736,8.0,0.0907,-9.174,0.0,0.075,120.001,4.0,0.47
spotify:track:6e40mgJiCid5HRAGrbpGA6,0.216,0.689,213600.0,0.702,0.0,6.0,0.159,-5.642,0.0,0.0261,99.031,4.0,0.484
spotify:track:2V65y3PX4DkRhy1djlxd9p,0.112,0.612,212862.0,0.84,0.0,11.0,0.116,-3.145,0.0,0.0509,129.042,4.0,0.438
spotify:track:7IBaWJgk81AoQs6K3VOJds,0.00199,0.507,264000.0,0.52,0.305,2.0,0.086,-8.92,1.0,0.0389,139.918,4.0,0.0788
spotify:track:6r027Faonff84hxFMjMbIH,0.407,0.705,363973.0,0.847,0.0,7.0,0.826,-2.651,1.0,0.321,148.008,4.0,0.63
spotify:track:0nkzd3yNniB767zSDDdLZ3,0.0425,0.434,209493.0,0.939,0.0,4.0,0.491,-2.983,0.0,0.0593,159.932,4.0,0.569
spotify:track:1u67HkpY3mtbYYdoPWmuUR,0.00642,0.544,193827.0,0.773,0.0,5.0,0.198,-4.318,0.0,0.0351,174.068,4.0,0.504
spotify:track:5SMYN4lHZduUD8SQ0TEHj2,0.0356,0.525,233353.0,0.86,0.0,0.0,0.14,-3.429,1.0,0.0639,127.021,4.0,0.346
spotify:track:2oD8Fcquo4BY3mblerE6oz,0.0329,0.335,181560.0,0.802,0.00102,7.0,0.0898,-4.219,0.0,0.0714,128.06,4.0,0.0737
spotify:track:4xkOaSrkexMciUUogZKVTS,0.0757,0.572,297893.0,0.853,0.0,1.0,0.0798,-3.203,1.0,0.217,171.297,4.0,0.102
spotify:track:7BNDyzwDboNRR2wmd7GSew,0.0209,0.668,214206.0,0.826,0.000249,5.0,0.0886,-7.18,0.0,0.0398,125.007,4.0,0.364
spotify:track:0uPWFVll9YIKqjvKvGHKdG,0.478,0.51,202069.0,0.487,0.0,0.0,0.323,-7.897,1.0,0.0355,142.171,4.0,0.33
spotify:track:41KPpw0EZCytxNkmEMJVgr,0.0075,0.802,169920.0,0.781,0.825,0.0,0.147,-6.564,1.0,0.0368,125.026,4.0,0.622
spotify:track:27RpK4R1y388Z3IiilCQG3,0.0364,0.67,244627.0,0.752,0.0,0.0,0.0825,-5.775,1.0,0.0288,97.006,4.0,0.764
spotify:track:5p9VnMgpnRYvLIeJx2kCMI,0.026,0.656,204187.0,0.669,0.000537,7.0,0.214,-5.147,1.0,0.0294,127.904,5.0,0.373
spotify:track:2I43coEbzFSTMGO3kCjLMB,0.0851,0.583,171333.0,0.79,0.000387,9.0,0.11,-4.885,1.0,0.0319,103.286,4.0,0.714
spotify:track:0j0DNujXWeupLpZobbABoo,0.261,0.679,236683.0,0.576,0.000113,4.0,0.366,-6.609,0.0,0.0402,154.09,4.0,0.348
spotify:track:1Bzt8ya4lki8tDYrMZxb5E,0.1,0.413,349091.0,0.557,0.105,9.0,0.218,-7.622,0.0,0.0346,110.028,4.0,0.0498
spotify:track:46tAoP2In1lklk0ntrQe7T,0.668,0.562,263693.0,0.68,2.96e-06,2.0,0.25,-6.955,0.0,0.44,169.353,4.0,0.512
spotify:track:2S4CfxZG29GZWwDeMtBq2R,0.00769,0.669,199960.0,0.667,0.0,4.0,0.0983,-3.0,1.0,0.0511,128.103,4.0,0.69
spotify:track:12GEpg2XOPyqk03JZEZnJs,0.0905,0.648,220781.0,0.532,0.0,0.0,0.0831,-6.597,1.0,0.0746,99.983,4.0,0.487
spotify:track:396epax77NIKgJQltQHJgU,0.00146,0.519,285600.0,0.638,0.0,6.0,0.1,-6.232,1.0,0.0321,106.949,4.0,0.272
spotify:track:71tgsCXE0epPedtUtVfG0d,0.0458,0.429,215480.0,0.735,0.00781,5.0,0.41,-6.926,1.0,0.0588,128.002,4.0,0.321
spotify:track:2fmCA13dwQQOGBIbIOWRiJ,0.00043,0.49,196520.0,0.848,8.49e-06,9.0,0.0665,-5.05,1.0,0.0645,175.998,4.0,0.698
spotify:track:1HwpWwa6bnqqRhK8agG4RS,0.086,0.661,214227.0,0.657,0.0,9.0,0.0274,-4.269,1.0,0.0489,89.985,4.0,0.931
spotify:track:3WKg25vrbjJlkhsgl2W4p3,0.637,0.646,220627.0,0.431,6.99e-06,6.0,0.113,-8.517,1.0,0.0262,90.034,4.0,0.292
spotify:track:5dB00dkUFlruwbxVmdOPSE,0.839,0.686,260004.0,0.172,1.81e-05,1.0,0.0793,-8.722,1.0,0.0329,112.655,4.0,0.197
spotify:track:5rAZJ4K9K0U4BVE6mJBZbW,0.0122,0.479,202286.0,0.911,0.737,5.0,0.126,-6.465,0.0,0.0889,175.058,4.0,0.144
spotify:track:6oEvOxxVezWm4UiHAg4FI5,0.988,0.3,188107.0,0.0463,0.921,9.0,0.0991,-29.781,1.0,0.0813,68.698,4.0,0.162
spotify:track:12Ns5IphkblPmHxpRILG9t,0.0548,0.602,222307.0,0.691,0.0,7.0,0.144,-5.197,0.0,0.051,127.967,4.0,0.206
spotify:track:3DrY78fwQBAuqlntINQRB4,0.934,0.531,154859.0,0.116,0.0,6.0,0.0981,-11.157,1.0,0.0548,117.469,3.0,0.176
spotify:track:2CAK2t1reUgPK6OMgAMURB,0.00149,0.638,190014.0,0.816,0.00115,2.0,0.195,-5.503,1.0,0.0308,112.014,4.0,0.386
spotify:track:5Z18Bxs491iKUvVrgJ1gzm,0.0734,0.55,208565.0,0.933,0.0,2.0,0.0766,-3.929,1.0,0.0328,100.501,4.0,0.577
spotify:track:3o5OyQ2tghLhOFjemvEloF,0.00276,0.374,225347.0,0.758,0.000655,9.0,0.104,-4.212,1.0,0.0434,89.993,4.0,0.126
spotify:track:7B8GnWoRVjShw7vnV3SwCk,0.1,0.654,184865.0,0.55,1.06e-06,0.0,0.104,-7.941,1.0,0.0364,110.949,4.0,0.498
spotify:track:7AeYomUuCNb965CWyfLTjK,0.21,0.507,222080.0,0.93,0.000455,3.0,0.362,-1.015,1.0,0.0803,111.899,4.0,0.568
spotify:track:1OCLMAJ8FbH1i3gwnRItQk,0.00204,0.606,198293.0,0.773,6.64e-06,3.0,0.0911,-5.123,1.0,0.029,123.92,4.0,0.681
spotify:track:4qH3RkbFgzxYyXUD8YC8kr,0.042,0.681,237581.0,0.708,0.14,5.0,0.676,-6.019,0.0,0.0304,92.993,4.0,0.356
spotify:track:2K7j4xrQENCi5r3Hii4cVe,0.000742,0.483,280800.0,0.947,0.0,9.0,0.14,-3.018,0.0,0.0594,144.948,4.0,0.347
spotify:track:2HNcNd5RPZ7DSRNbIl6JsP,0.0843,0.587,242519.0,0.566,0.0,0.0,0.145,-7.017,0.0,0.0528,113.025,4.0,0.155
spotify:track:0IYaRxfKGObfyWQJ7xHRLy,0.0917,0.691,257332.0,0.832,0.0,2.0,0.347,-4.932,1.0,0.0604,128.006,4.0,0.541
spotify:track:7vqUr6K2Js9Paq4kdNSOm6,0.535,0.68,244510.0,0.772,0.0153,10.0,0.147,-5.995,1.0,0.0416,105.005,4.0,0.376
spotify:track:7kHaGMriSF6GLLWMtub5Q0,0.42,0.758,212627.0,0.827,0.0,0.0,0.105,-3.735,1.0,0.128,104.985,4.0,0.631
spotify:track:6p2es8uOYkSkGp9W8mzWI2,0.00994,0.621,249412.0,0.783,2.24e-06,6.0,0.383,-4.698,0.0,0.0471,101.976,4.0,0.203
spotify:track:0GDHTUVHcUghgelpLUSdqg,0.0413,0.226,205920.0,0.733,1.51e-05,11.0,0.128,-4.586,0.0,0.0493,159.794,3.0,0.303
spotify:track:0ZyOaabrLGU0rDLhnVALSQ,0.714,0.467,172707.0,0.623,0.0,2.0,0.192,-7.035,0.0,0.0447,82.022,4.0,0.242
spotify:track:0f6t3131LT1No7MnJGiPVw,0.0802,0.434,201763.0,0.538,0.000301,3.0,0.36,-9.493,1.0,0.0371,127.896,4.0,0.189
spotify:track:0ZgehEjqsRScwDPdb6kWkg,0.0033,0.461,228960.0,0.825,7.86e-06,4.0,0.153,-6.465,1.0,0.0365,152.074,4.0,0.538
spotify:track:11PK65Up1HQR3pCDlyWSBi,0.26,0.623,195947.0,0.481,3.88e-06,0.0,0.125,-7.767,1.0,0.0416,141.855,4.0,0.225
spotify:track:7eXrb9xjcGk7AUZMN8mvOb,0.205,0.514,231187.0,0.949,0.0,7.0,0.208,-4.376,1.0,0.0976,143.984,4.0,0.422
spotify:track:0ckCyt1ghA2YpcLRm1q68s,0.461,0.764,212027.0,0.631,0.0,0.0,0.0413,-3.814,0.0,0.0251,102.074,4.0,0.76
spotify:track:6j7oqmFB8mlCfmakwfQU1A,0.315,0.569,172507.0,0.541,0.0031,3.0,0.197,-9.225,1.0,0.0285,112.959,4.0,0.455
spotify:track:7GWaGnbGZEg1Pquhr07cVz,0.161,0.589,187915.0,0.72,0.00013,0.0,0.0995,-6.706,1.0,0.0273,128.014,4.0,0.353
spotify:track:3Gq2A7HDpvVQByqEUbYHlZ,0.135,0.652,190800.0,0.676,1.05e-06,1.0,0.101,-5.938,1.0,0.05,100.003,4.0,0.372
spotify:track:15uFqHGAOvaGCqikvgiW6w,0.141,0.722,221421.0,0.635,0.000873,6.0,0.3,-9.6,0.0,0.0419,123.999,4.0,0.53
spotify:track:5LAnohaWXSFTIFZt8XB4yv,0.216,0.38,237395.0,0.827,0.00139,0.0,0.102,-6.698,1.0,0.0566,164.037,4.0,0.557
spotify:track:6Qm9MaditCcx5V62rVHYqu,0.314,0.56,237440.0,0.825,0.0,11.0,0.227,-3.794,1.0,0.0352,94.931,4.0,0.339
spotify:track:6l5AAEJhBR9Zku6qgI9Fo2,0.573,0.319,238400.0,0.337,0.0,1.0,0.0863,-7.73,1.0,0.0312,101.836,4.0,0.282
spotify:track:3rHFo3c176QQnZ3Ucdbp21,0.00113,0.514,207040.0,0.909,0.000627,11.0,0.067,-2.51,1.0,0.0369,159.972,4.0,0.219
spotify:track:07cY8RVMoK11sRdLIUINW6,0.0149,0.468,201373.0,0.994,1.8e-06,9.0,0.134,1.315,1.0,0.156,174.035,4.0,0.358
spotify:track:0QHBicI5mRr3cRVIRtHmTp,0.242,0.717,220880.0,0.572,0.000378,1.0,0.238,-8.102,1.0,0.0478,116.878,4.0,0.184
spotify:track:24Gxm7Eh7tO83E26LG0CsY,0.135,0.567,264600.0,0.65,1.94e-05,7.0,0.11,-5.478,1.0,0.0447,76.036,4.0,0.154
spotify:track:7nRmfGNhHKEEu5o8yFXLXt,0.0668,0.704,199246.0,0.647,1.93e-06,10.0,0.101,-7.874,0.0,0.171,92.002,4.0,0.699
spotify:track:0YO6BduAqQHsjT10m8ObM3,0.0688,0.67,250777.0,0.554,0.0509,9.0,0.104,-6.573,0.0,0.0364,120.0,4.0,0.072
spotify:track:1TRibL6UoaiU3yEdqCQbgx,0.261,0.458,251640.0,0.557,2.45e-06,11.0,0.11,-5.125,1.0,0.0316,130.009,4.0,0.0693
spotify:track:5z4sB1aXr5xQQdbWR99ns2,0.119,0.451,213107.0,0.564,0.00145,11.0,0.326,-9.471,1.0,0.048,147.894,4.0,0.236
spotify:track:7fKsaiVDwKe6VVsiGk48YG,0.0138,0.643,232907.0,0.823,0.00397,8.0,0.287,-5.516,1.0,0.0358,97.014,4.0,0.433
spotify:track:4MatjVmXUxuBf7WeInnRBG,0.146,0.536,215133.0,0.673,0.000747,2.0,0.0893,-6.8,1.0,0.0391,114.937,4.0,0.391
spotify:track:3HVr6jTVwBHBa2flM0eURR,0.0323,0.731,220454.0,0.794,2.59e-05,0.0,0.112,-5.126,0.0,0.0522,139.994,4.0,0.356
spotify:track:3VqiD8Yvk6bKwqS1e64PHB,0.852,0.348,60107.0,0.166,0.915,11.0,0.137,-20.349,1.0,0.0377,123.576,4.0,0.0336
spotify:track:0RZX8YtJjmRuWt3izCsORW,0.00206,0.575,219522.0,0.605,0.00358,7.0,0.263,-7.934,0.0,0.0318,139.94,4.0,0.471
spotify:track:63yesoRJgXT5QALryYFV0X,0.00324,0.515,183680.0,0.686,0.505,0.0,0.0647,-6.258,1.0,0.0929,140.013,4.0,0.148
spotify:track:6y0igZArWVi6Iz0rj35c1Y,0.446,0.54,234910.0,0.59,0.0,0.0,0.14,-4.359,1.0,0.0528,119.878,4.0,0.267
spotify:track:2hKdd3qO7cWr2Jo0Bcs0MA,0.154,0.468,259933.0,0.64,0.0,0.0,0.154,-5.862,1.0,0.0275,79.297,4.0,0.499
spotify:track:2DCwYnfOqAiPfzSBwqQHhd,0.0368,0.632,206067.0,0.827,0.176,2.0,0.132,-3.409,0.0,0.0338,134.985,4.0,0.305
spotify:track:2lfn2KnXBMrXwsnRMSqnUq,0.0763,0.421,257040.0,0.62,0.0,4.0,0.108,-6.001,1.0,0.0329,140.084,4.0,0.181
spotify:track:5k8GH5HXaH3TmItc5McTuv,0.426,0.451,253147.0,0.448,0.0,2.0,0.12,-7.416,1.0,0.0324,168.265,4.0,0.243
spotify:track:1LeItUMezKA1HdCHxYICed,0.0041,0.749,262957.0,0.745,0.395,6.0,0.0748,-7.367,0.0,0.0479,115.048,4.0,0.347
spotify:track:45iMRHmfLZu3yjdZ8P5e3t,0.127,0.672,202194.0,0.642,0.0,5.0,0.137,-4.552,1.0,0.0461,123.984,4.0,0.656
spotify:track:69uJi5QsBtqlYkGURTBli8,0.846,0.588,332960.0,0.149,9.65e-05,7.0,0.236,-16.728,0.0,0.0319,124.689,4.0,0.113
spotify:track:0oP9pK1D1lNF3Lb7jkl6Xx,0.00593,0.608,187761.0,0.841,0.0573,0.0,0.121,-3.798,1.0,0.0464,167.969,4.0,0.274
spotify:track:0BAbtnMn0zW7ODOxq25VAm,0.054,0.62,227507.0,0.892,0.000687,2.0,0.207,-3.664,1.0,0.0531,129.96,4.0,0.418
spotify:track:2JZUW0wQcUYr7NW7itcHef,0.914,0.394,210733.0,0.345,2.05e-05,2.0,0.717,-12.042,1.0,0.0334,107.647,4.0,0.0527
spotify:track:7EckH5pPPBqarxZQPm8IJj,0.0243,0.658,217250.0,0.39,0.0,5.0,0.115,-8.291,0.0,0.0412,144.975,4.0,0.34
spotify:track:3CvMXAVFGmfq56tvUAa9ip,0.0137,0.494,241849.0,0.572,3.25e-06,0.0,0.433,-5.688,1.0,0.034,85.11,4.0,0.229
spotify:track:7nOLBi8XnzQMxslv95fHox,0.0113,0.508,231453.0,0.855,0.0,5.0,0.0948,-4.556,1.0,0.0472,91.436,4.0,0.478
spotify:track:3gHWWPJmOzDTGgMmHTGloF,0.0284,0.51,213853.0,0.785,0.0,7.0,0.167,-3.096,0.0,0.0495,129.068,4.0,0.155
spotify:track:341863z079BT4EFPiSw9DP,0.934,0.58,187427.0,0.101,0.000302,10.0,0.0768,-15.661,1.0,0.0289,91.003,3.0,0.302
spotify:track:5OyibkkbtWVY2LYfiC9azq,0.531,0.565,234893.0,0.275,3.18e-05,9.0,0.115,-10.476,1.0,0.0279,84.909,4.0,0.299
spotify:track:4Nxj0yqlOymCpvaoGn4wOt,0.00746,0.578,173989.0,0.885,0.0,5.0,0.0834,-4.379,1.0,0.0679,99.929,4.0,0.644
spotify:track:1Q1Lz8shbr2AXR8zKReTqd,0.203,0.614,220629.0,0.589,0.0,6.0,0.114,-8.043,0.0,0.0354,107.959,4.0,0.366
spotify:track:5xRBYte8zzJNmRfBgYIWnX,0.0387,0.589,191760.0,0.865,0.0,10.0,0.114,-4.162,0.0,0.0838,86.337,4.0,0.467
spotify:track:2jvdrcSFGavsUZGBBddY2U,0.0252,0.491,244680.0,0.706,0.234,9.0,0.117,-9.295,1.0,0.0397,136.037,4.0,0.0987
spotify:track:7k5EcszNwUturoU20TTy1G,0.0107,0.516,247347.0,0.86,0.0,0.0,0.156,-4.779,1.0,0.0483,124.004,4.0,0.546
spotify:track:0ncp94ULTBgS0U3GZD80AC,0.573,0.735,189660.0,0.43,0.0,9.0,0.111,-9.532,1.0,0.0349,129.942,4.0,0.522
spotify:track:1HNkqx9Ahdgi1Ixy2xkKkL,0.607,0.614,258987.0,0.379,0.000464,4.0,0.0986,-10.48,1.0,0.0476,107.989,4.0,0.201
spotify:track:3G6hD9B2ZHOsgf4WfNu7X1,0.151,0.696,193059.0,0.59,0.0,6.0,0.247,-7.428,1.0,0.0904,99.984,4.0,0.462
spotify:track:62LPDzVSOSyxVXL4HzDUT1,0.0154,0.628,175260.0,0.767,0.0,10.0,0.0711,-4.384,1.0,0.0346,99.975,4.0,0.657
spotify:track:4x6aawsLyPkF3aGPXGvbat,0.00534,0.663,271136.0,0.84,0.342,9.0,0.169,-5.618,0.0,0.0453,108.022,4.0,0.2
spotify:track:74nadxHkSGQm6eBIyqTHDP,0.126,0.791,161633.0,0.654,0.0,0.0,0.0839,-7.109,1.0,0.0417,97.995,4.0,0.5
spotify:track:1CRESO4AuKm5B5Lqodk7t9,0.0424,0.435,274286.0,0.727,4.6e-06,1.0,0.105,-6.969,1.0,0.0611,174.992,4.0,0.399
spotify:track:4w4IrjeZ82GfKAe9fxgOVo,0.0236,0.584,196107.0,0.824,0.000957,7.0,0.415,-6.936,0.0,0.0539,96.054,4.0,0.846
spotify:track:02E0dSRldGrrrJyTY7O4uA,0.476,0.435,207581.0,0.726,0.0,10.0,0.266,-6.153,1.0,0.137,123.938,4.0,0.609
spotify:track:0c4IEciLCDdXEhhKxj4ThA,0.127,0.502,281040.0,0.417,0.00419,10.0,0.106,-7.665,1.0,0.0718,180.301,4.0,0.218
spotify:track:591CsLWV7pXcDGqxdhskDk,0.0234,0.566,328840.0,0.789,0.0,8.0,0.047,-6.301,0.0,0.152,154.989,4.0,0.569
spotify:track:3XO06fxFg9nW1lprKef2W2,0.732,0.513,208827.0,0.468,0.0,4.0,0.083,-8.68,1.0,0.037,109.829,4.0,0.416
spotify:track:6IF2P93LkyW4GqDQu1yS7H,0.702,0.582,238971.0,0.375,0.0631,1.0,0.136,-13.277,0.0,0.0329,129.909,4.0,0.106
spotify:track:5aJiAeG0x2dxYeE7ac2xhl,0.0282,0.594,189507.0,0.896,1.5e-05,0.0,0.185,-4.114,0.0,0.0409,105.01,4.0,0.837
spotify:track:6DcDdDevI94Dh4vc5anXBE,0.0136,0.645,202197.0,0.732,0.0,2.0,0.513,-5.874,1.0,0.0482,120.06,4.0,0.336
spotify:track:2nBWxgSZ79w9l6t2rUg6pl,0.438,0.413,222200.0,0.445,0.0,1.0,0.111,-7.259,0.0,0.025,95.562,4.0,0.117
spotify:track:3DfIQJULYY97h8mUtzewve,0.016,0.607,242000.0,0.731,1.74e-06,7.0,0.124,-4.94,0.0,0.0393,128.052,4.0,0.173
spotify:track:3cCYYj0EvyTYjLZsSzPCX0,0.00086,0.554,188889.0,0.863,9.72e-05,1.0,0.114,-5.424,0.0,0.0442,108.083,4.0,0.404
spotify:track:0bD5aCBb46dEtEVkv9hd1m,0.00452,0.455,208253.0,0.882,0.0,10.0,0.0962,-5.054,0.0,0.0758,155.026,4.0,0.545
spotify:track:4ugTuIh4Af8zpp070n1mSa,0.00147,0.454,197000.0,0.824,0.0079,0.0,0.259,-4.606,0.0,0.0408,139.859,4.0,0.165
spotify:track:2p9q7lIzhJygg323PqeMbD,0.0312,0.2,219749.0,0.721,4.7e-06,3.0,0.261,-6.009,0.0,0.0798,164.942,3.0,0.33
spotify:track:6s3GEN8wK0OMzzzZbXj0fu,0.00868,0.565,212647.0,0.849,4.68e-06,0.0,0.12,-3.516,0.0,0.0517,102.034,4.0,0.427
spotify:track:2OsEJFTfzfjG4oC92cuP2c,0.0843,0.719,210293.0,0.835,0.0,1.0,0.629,-3.823,0.0,0.173,127.918,4.0,0.694
spotify:track:5qxLvazzinSf4Cb1N6zIhb,0.0786,0.67,186125.0,0.694,4.33e-05,7.0,0.327,-5.98,1.0,0.0405,89.952,4.0,0.128
spotify:track:67wABU4SjBlnDHB0KiU3HL,0.398,0.573,218800.0,0.653,0.0,8.0,0.0751,-6.985,1.0,0.0371,144.187,4.0,0.43
spotify:track:1j05ob1Ri4JzoEG4ZFQfXe,0.173,0.738,268525.0,0.883,0.554,7.0,0.0994,-4.675,0.0,0.0502,121.997,4.0,0.42
spotify:track:6vLkn5w2UtsBdNAd98QQNK,0.00898,0.501,194400.0,0.648,0.377,7.0,0.393,-7.023,0.0,0.0473,99.996,4.0,0.095
spotify:track:6xBabj72v4nodWXgZMjaW8,0.541,0.485,230213.0,0.723,1.12e-06,10.0,0.075,-6.565,1.0,0.0317,167.845,4.0,0.541
spotify:track:6Qj1WXW41Mn3Fh9V2sHphM,0.0811,0.653,189840.0,0.914,2.35e-05,0.0,0.0985,-5.499,1.0,0.123,100.019,4.0,0.808
spotify:track:3Q6r0BkY3ArIj1hzhu37w4,0.0101,0.611,235579.0,0.858,0.0,10.0,0.19,-7.188,1.0,0.0484,115.017,4.0,0.644
spotify:track:4FbBOsAH9z3edlKdC1zt66,0.0315,0.676,176736.0,0.652,6.54e-06,5.0,0.0871,-6.541,1.0,0.0247,100.093,4.0,0.641
spotify:track:5J4ZkQpzMUFojo1CtAZYpn,0.00937,0.472,236133.0,0.714,0.0,1.0,0.0764,-4.389,0.0,0.0334,98.992,4.0,0.24
spotify:track:3cpOqFZ30z5cUJUC9MYaar,0.0117,0.528,215960.0,0.723,0.0,10.0,0.117,-3.975,0.0,0.0328,144.026,4.0,0.359
spotify:track:0CDCkBfsG39OvntlKQtJrs,0.0566,0.563,213424.0,0.866,0.0,4.0,0.422,-4.1,0.0,0.0397,120.068,4.0,0.406
spotify:track:0Dv4DdNy1xnhNcCd9YVoiH,0.0104,0.365,307680.0,0.873,0.0,4.0,0.0839,-4.657,1.0,0.0436,156.047,4.0,0.216
spotify:track:6fhEYtnORqxaEoxSrMH2bx,0.503,0.41,256333.0,0.648,0.0,7.0,0.219,-4.469,1.0,0.0362,60.391,4.0,0.337
spotify:track:0Bpkq4z0VfjkO7kUME8gks,0.248,0.459,357920.0,0.925,0.0,5.0,0.174,-1.327,0.0,0.35,104.855,5.0,0.533
spotify:track:2qJLp4SATqV1OP5IDN7SMl,0.233,0.529,211690.0,0.739,0.000815,7.0,0.112,-2.62,0.0,0.0301,141.889,4.0,0.183
spotify:track:57Wjcff1bw8TueYvFip4NN,0.0204,0.422,225293.0,0.759,0.0,1.0,0.0388,-3.906,1.0,0.187,175.688,4.0,0.523
spotify:track:02fOl59ZkeKzbM05qbiA03,0.509,0.588,299523.0,0.684,2.26e-06,7.0,0.128,-4.842,0.0,0.0735,135.948,4.0,0.303
spotify:track:4gDcrTB7sm4gDJZ0hRjRtN,0.156,0.599,208395.0,0.78,0.0,11.0,0.189,-5.033,1.0,0.0527,122.077,4.0,0.529
spotify:track:7ehH993HyaSs8LjIsOpbGA,0.104,0.542,234253.0,0.63,1.57e-05,6.0,0.0812,-9.41,0.0,0.0886,113.956,4.0,0.164
spotify:track:0tBbt8CrmxbjRP0pueQkyU,0.129,0.72,197993.0,0.807,0.0,11.0,0.183,-4.59,0.0,0.0432,124.946,4.0,0.305
spotify:track:6VINmnhzfy08VJKkzzkLHN,0.636,0.692,281426.0,0.319,1.44e-06,10.0,0.152,-10.27,1.0,0.0634,74.035,4.0,0.368
spotify:track:1xasoowGI2N5c4gykxKTlW,0.0736,0.58,225040.0,0.776,2.87e-06,4.0,0.075,-6.59,0.0,0.0504,134.932,4.0,0.64
spotify:track:2IWw5tDMzgtUyAT4EwKAYW,0.0418,0.583,278480.0,0.728,0.00011,0.0,0.142,-3.226,1.0,0.0451,127.004,4.0,0.546
spotify:track:7hVsdXC9zRDiWFfhdmkYC8,0.0533,0.747,205229.0,0.911,0.0,4.0,0.0706,-2.992,1.0,0.058,120.042,4.0,0.906
spotify:track:0aZ4vyAeoDqsP0zNEECrx6,0.0187,0.553,179640.0,0.855,0.0,1.0,0.0428,-2.025,1.0,0.0732,127.997,4.0,0.552
spotify:track:1eOHw1k2AoluG4VyjBHLzX,0.00474,0.635,196467.0,0.974,1.56e-05,8.0,0.41,-5.373,1.0,0.052,142.049,4.0,0.495
spotify:track:2h1L35fJnEzxe2lAxmrvkC,0.0523,0.571,202347.0,0.697,0.0,7.0,0.299,-5.467,1.0,0.081,175.962,4.0,0.358
spotify:track:4U2v1vLfpfNjOEXVuY1aHd,0.799,0.197,165043.0,0.111,0.364,4.0,0.0857,-16.86,0.0,0.0401,116.765,4.0,0.0877
spotify:track:7y9iMe8SOB6z3NoHE2OfXl,0.06,0.675,181279.0,0.736,0.0,0.0,0.0879,-3.604,1.0,0.0302,118.369,4.0,0.607
spotify:track:7tbN161CWWZHIVQncR6stX,0.903,0.289,253959.0,0.34,3.22e-05,7.0,0.0943,-8.049,1.0,0.0324,67.969,4.0,0.274
spotify:track:5fcWsUs0Au4IxrhWMFQAj3,0.532,0.539,193947.0,0.668,0.0,3.0,0.11,-6.625,1.0,0.0523,81.96,4.0,0.328
spotify:track:1THUV2tiTLxNNbJwC8m4pE,0.16,0.34,221960.0,0.424,0.0,8.0,0.0819,-8.741,0.0,0.0695,85.198,3.0,0.229
spotify:track:4rBJhbvK48X8aoQbgOD71Y,0.00187,0.59,170427.0,0.823,0.0,5.0,0.375,-4.606,0.0,0.0394,129.969,4.0,0.571
spotify:track:3U4isOIWM3VvDubwSI3y7a,0.922,0.422,269560.0,0.264,0.0,8.0,0.132,-7.064,1.0,0.0322,119.93,4.0,0.331
spotify:track:3nhWJM3a8uBrVDo3wAGBqX,0.275,0.727,217200.0,0.812,0.0244,0.0,0.295,-5.182,0.0,0.0496,124.017,4.0,0.882
spotify:track:4bBrKDo8rchikwZOtmXbIH,0.00236,0.648,227560.0,0.722,0.00611,1.0,0.141,-6.083,0.0,0.054,127.968,4.0,0.669
spotify:track:6vIUovlj8NGi1JfnzVUUBI,0.0363,0.521,195533.0,0.808,0.0,4.0,0.227,-3.852,0.0,0.0526,140.077,4.0,0.198
spotify:track:46FDaONYM0jiJWTBIQCLUB,0.0113,0.56,225789.0,0.806,0.0,11.0,0.348,-5.783,1.0,0.0927,160.903,4.0,0.539
spotify:track:3Wb4T8OJg4obJNBMUYgfPm,0.0844,0.722,197954.0,0.827,9.14e-05,1.0,0.0654,-6.501,0.0,0.0659,121.896,4.0,0.346
spotify:track:6OSTrvIX8JXxRxFT4C9y0J,0.848,0.397,244067.0,0.242,0.0,10.0,0.106,-10.754,1.0,0.0663,171.747,3.0,0.144
spotify:track:33yQjYsn7eCY2L23JX0m2b,0.255,0.634,210427.0,0.861,0.0,5.0,0.72,-3.962,0.0,0.0415,100.018,4.0,0.57
spotify:track:0F8YUTdjLiSDFhTpsVxJ1Q,0.557,0.445,229307.0,0.342,2.64e-05,0.0,0.118,-9.686,1.0,0.146,93.721,5.0,0.298
spotify:track:1hVQx6bg4uKPljAUkNjpY2,0.938,0.42,190346.0,0.182,0.000237,10.0,0.164,-11.864,1.0,0.032,130.081,4.0,0.434
spotify:track:2HHiH52OPxe8qyVO7N4uH7,0.0131,0.664,212613.0,0.79,0.0156,5.0,0.08,-5.467,0.0,0.0364,143.004,4.0,0.939
spotify:track:0wkEMCG6s4XEcMZ7JMbgkV,0.0916,0.85,238427.0,0.681,0.0326,0.0,0.129,-5.696,1.0,0.0584,122.787,4.0,0.965
spotify:track:644es5aYPJghtZLjM1rmSP,0.843,0.488,175040.0,0.0629,0.406,2.0,0.133,-21.524,1.0,0.0342,104.311,4.0,0.175
spotify:track:4lCHiY2thdE1YuVtsmck23,0.233,0.447,206253.0,0.719,0.000305,0.0,0.111,-5.597,1.0,0.0493,158.107,4.0,0.11
spotify:track:4QdIQnZqzuSUI4WBVlfCgt,0.00674,0.436,264266.0,0.9,9.97e-05,7.0,0.225,-3.512,0.0,0.0577,139.979,4.0,0.369
spotify:track:7D0t8BHJxakSnO6EVBglc4,0.0865,0.629,215131.0,0.852,0.0215,1.0,0.263,-5.094,1.0,0.0521,104.997,4.0,0.415
spotify:track:5r3Z4HdPWcrHf4qVc7MCqh,0.795,0.617,205209.0,0.484,0.0,4.0,0.101,-8.188,1.0,0.0324,124.893,4.0,0.505
spotify:track:3DlyHvU6blSBCJqzlJlVFK,0.0014,0.515,216520.0,0.773,0.000287,0.0,0.105,-6.092,1.0,0.03,94.022,4.0,0.461
spotify:track:4RL77hMWUq35NYnPLXBpih,0.952,0.379,201080.0,0.29,0.00106,4.0,0.118,-8.485,1.0,0.051,166.467,4.0,0.169
spotify:track:3rQvHJ2K1g9tnIcL51eEWE,0.000374,0.524,275467.0,0.912,0.0424,7.0,0.302,-3.755,1.0,0.0315,155.921,4.0,0.499
spotify:track:0lQ08hbjK1umHjCYvUrmCp,0.0446,0.769,192766.0,0.848,7.74e-06,6.0,0.106,-4.665,0.0,0.0588,123.01,4.0,0.42
spotify:track:0wDN0gYdVuzJ2wrhrTj53F,0.000469,0.548,216000.0,0.779,0.00348,6.0,0.102,-5.829,0.0,0.0284,108.966,4.0,0.603
spotify:track:4nlFzSGKGopVpHgub6ipLH,0.0203,0.513,236506.0,0.768,0.0,7.0,0.0937,-5.115,0.0,0.0449,131.959,4.0,0.184
spotify:track:511stzj94eZPxWOLFuqREz,0.0769,0.394,216160.0,0.47,0.00248,9.0,0.0692,-6.865,0.0,0.0367,165.041,3.0,0.253
spotify:track:4SgbUaGlOe4sdOs3YfupWy,0.00165,0.419,242413.0,0.936,0.0,2.0,0.372,-2.411,1.0,0.0712,170.134,4.0,0.703
spotify:track:5AgTL2WmiCvoObA8fpncKs,0.218,0.699,228200.0,0.787,0.0,2.0,0.107,-5.09,1.0,0.0958,88.544,4.0,0.843
spotify:track:7jxAqSueEJPdTrgGCFR7Bl,0.00574,0.716,219266.0,0.862,1.35e-06,1.0,0.339,-5.19,1.0,0.0565,130.045,4.0,0.755
spotify:track:6BtmXhTJMM9sBTHeYYASGz,0.0178,0.656,237987.0,0.879,0.0,2.0,0.109,-4.614,1.0,0.0362,104.997,4.0,0.9
spotify:track:1KoPS8IrSlhsW4ioFEIVL9,0.00595,0.555,236741.0,0.641,0.507,6.0,0.0519,-9.4,0.0,0.0307,109.978,4.0,0.0376
spotify:track:5iwnkvM6HZkvumQ816GNDL,0.0118,0.583,219106.0,0.688,0.0,5.0,0.112,-5.713,1.0,0.0443,132.952,4.0,0.545
spotify:track:3VXrpkM94UBgL4voR20tZq,0.0381,0.579,208018.0,0.687,0.0107,9.0,0.155,-6.859,0.0,0.0596,86.97,4.0,0.545
spotify:track:4YQbekeOyH0W1Ct8f7LXQU,0.00433,0.314,206853.0,0.778,0.814,2.0,0.173,-4.44,0.0,0.0455,174.841,4.0,0.348
spotify:track:1S9Rw3ETeDYzDdrRWXKhn3,0.833,0.309,160907.0,0.208,1.56e-06,0.0,0.103,-15.648,1.0,0.0326,63.608,4.0,0.218
spotify:track:64PogLWRbaXp2Db7Ijy2u7,0.993,0.41,320862.0,0.0721,0.939,10.0,0.127,-25.47,1.0,0.0511,78.6,4.0,0.176
spotify:track:3HWDWyIqWuLsTHECx9DvXF,0.000315,0.559,229093.0,0.841,0.45,0.0,0.0816,-5.584,1.0,0.0334,105.009,4.0,0.15
spotify:track:5Q5sQ1AgLQ1wKKXIYt6FGC,0.0385,0.423,247422.0,0.746,1.33e-05,0.0,0.21,-6.912,1.0,0.0582,139.804,4.0,0.214
spotify:track:0jVPEBd4wyHupkTHwzQRyc,0.045,0.528,206394.0,0.874,0.0,1.0,0.0888,-3.028,0.0,0.0456,105.042,4.0,0.376
spotify:track:2yXyz4NLTZx9CLdXfLTp5E,0.000192,0.543,216733.0,0.952,7.8e-06,8.0,0.38,-3.65,1.0,0.0668,107.942,4.0,0.591
spotify:track:1aRtduEHwvk2AMR87ji9Tg,0.485,0.652,63972.0,0.0475,0.231,9.0,0.143,-27.987,1.0,0.17,59.608,3.0,0.607
spotify:track:2zdD1HlYQj5hLIVocdP2xI,0.291,0.582,230053.0,0.603,0.0005,10.0,0.0992,-6.807,1.0,0.0395,150.017,4.0,0.221
spotify:track:5GH3j9J7cFglHWFpqmWIXe,0.0874,0.683,228522.0,0.658,0.000487,5.0,0.133,-5.46,0.0,0.0293,96.99,4.0,0.507
spotify:track:4VqPOruhp5EdPBeR92t6lQ,0.000202,0.602,304840.0,0.905,0.064,2.0,0.117,-4.046,1.0,0.0775,128.019,4.0,0.411
spotify:track:4BK9dnv2qfj7iUyv9Eay5A,0.207,0.645,203693.0,0.737,1.15e-06,8.0,0.404,-4.342,0.0,0.0377,138.013,4.0,0.669
spotify:track:0qRFtYCOktMrD9FlYOBDNt,0.88,0.406,256693.0,0.23,0.0,4.0,0.107,-9.007,1.0,0.0297,159.914,4.0,0.395
spotify:track:1ZyQGXH9dZ4AecevHhKUxi,0.283,0.505,195701.0,0.68,0.0,6.0,0.175,-3.423,0.0,0.0336,139.843,4.0,0.362
spotify:track:5OALp7wDh1vM2nza1qDArn,0.207,0.588,244136.0,0.739,3.17e-06,0.0,0.196,-4.653,0.0,0.0446,144.997,4.0,0.217
spotify:track:69uxyAqqPIsUyTO8txoP2M,0.00205,0.638,263787.0,0.924,0.000173,7.0,0.149,-3.887,1.0,0.0359,111.995,4.0,0.529
spotify:track:4d7jLzh9hRg7zEDKR97bOX,0.851,0.494,254600.0,0.394,6.53e-06,5.0,0.0912,-7.599,1.0,0.0318,76.171,4.0,0.175
spotify:track:6NdkzOSCLzmyV9Qc4DKhJ2,0.109,0.551,203307.0,0.827,2.1e-06,8.0,0.0772,-5.369,1.0,0.03,129.899,5.0,0.185
spotify:track:0vCTQcxSGAgjHaiAsIANKn,0.0116,0.582,231707.0,0.513,0.0002,11.0,0.115,-7.679,1.0,0.027,166.045,4.0,0.534
spotify:track:40YcuQysJ0KlGQTeGUosTC,0.0186,0.757,251467.0,0.672,0.0,0.0,0.158,-6.524,0.0,0.0955,111.996,4.0,0.382
spotify:track:1gDp01R9uHJl3TOCQaY2a2,0.817,0.5,291771.0,0.197,0.0298,2.0,0.0765,-14.2,1.0,0.0318,111.29,4.0,0.161
spotify:track:6UEJtAnGHnK5tVhoPHD6tU,0.237,0.556,211693.0,0.873,2.63e-06,1.0,0.078,-1.145,1.0,0.164,127.993,4.0,0.485
spotify:track:4Qdup02dJrZ1jR3UgXY6Vj,0.228,0.569,207253.0,0.9,0.0,0.0,0.0905,-5.367,1.0,0.0416,149.947,4.0,0.608
spotify:track:0SB9oIIBgZaYdV2GrwkxbX,0.0174,0.558,179533.0,0.863,0.0,1.0,0.042,-2.032,1.0,0.0724,128.025,4.0,0.595
spotify:track:3bnYBnYvpK38fx00KnqQaS,0.374,0.647,216560.0,0.819,0.0,10.0,0.11,-3.666,1.0,0.0525,120.036,4.0,0.799
spotify:track:2jaaSQAqz3H7BmHNNdYZ1R,0.0331,0.606,235960.0,0.867,0.839,4.0,0.276,-5.024,0.0,0.0395,128.001,4.0,0.283
spotify:track:1TQKEwq4y9SkNciJuisE1m,0.96,0.122,195600.0,0.0407,0.847,4.0,0.104,-26.194,0.0,0.0457,74.418,5.0,0.0342
spotify:track:023iguyZD2x6yCSJDYxfyQ,0.196,0.685,245806.0,0.593,0.0,5.0,0.112,-6.023,0.0,0.152,123.873,4.0,0.543
spotify:track:5pBCrF0gXKLZXj77BdJNh2,0.12,0.501,236267.0,0.929,0.0,2.0,0.0899,-4.402,1.0,0.0614,168.156,4.0,0.513
spotify:track:4f13AaRyukUTWleyKXaRDh,0.024,0.574,195503.0,0.731,0.0,11.0,0.0779,-4.582,1.0,0.0664,127.925,4.0,0.402
spotify:track:6MwVKtxsg5cp0tmFHZ3P3U,0.107,0.494,207200.0,0.721,0.0,2.0,0.119,-4.855,1.0,0.0416,128.1,4.0,0.356
spotify:track:0E1RL6rKe18aUq70B2fgXs,0.123,0.61,270545.0,0.836,0.0,7.0,0.164,-6.428,0.0,0.089,110.025,4.0,0.329
spotify:track:7t7SLzJtQzD8wdJqwYD3XM,3.4e-05,0.517,235861.0,0.66,0.252,5.0,0.571,-6.175,0.0,0.0315,90.007,4.0,0.0701
spotify:track:2xvX83LUxXHZ1XTXChaFMR,0.568,0.62,248720.0,0.388,3.53e-05,5.0,0.113,-12.175,1.0,0.037,109.952,4.0,0.204
spotify:track:36GiPNt9O2FhZkOEunKIGi,0.0174,0.601,242480.0,0.599,0.000264,9.0,0.179,-7.464,1.0,0.0751,89.982,4.0,0.37
spotify:track:6mb6lVLNrcUgLnEN8QnDJd,0.603,0.576,163387.0,0.319,0.0,4.0,0.173,-10.934,1.0,0.0518,83.632,4.0,0.0921
spotify:track:3JvrhDOgAt6p7K8mDyZwRd,0.431,0.484,204280.0,0.731,0.0,1.0,0.151,-6.694,1.0,0.0379,101.654,4.0,0.51
spotify:track:1Te8WIfLudxjHTr66BL0JK,0.375,0.738,196613.0,0.812,0.0,1.0,0.276,-5.29,1.0,0.0495,118.004,4.0,0.693
spotify:track:310xF17abXDaKlq0gwv50l,0.0568,0.583,136000.0,0.694,0.751,6.0,0.0846,-10.049,1.0,0.0637,120.147,4.0,0.13
spotify:track:7q0aQpiLv5tIsupcgQ3Ny4,0.0846,0.717,200733.0,0.455,0.0,5.0,0.11,-8.303,1.0,0.0276,127.81,4.0,0.389
spotify:track:4YgHATLbR0upDqxTKIvvvc,0.0027,0.518,180267.0,0.892,0.0,11.0,0.25,-4.249,1.0,0.221,160.117,4.0,0.612
spotify:track:7Cx56fRD3hw7cSkh9Dw7MB,0.0121,0.553,297462.0,0.728,4.4e-05,0.0,0.156,-7.462,1.0,0.0288,129.962,4.0,0.213
spotify:track:3K3mbbRUKdgAL2Xkpu09rD,0.16,0.628,224237.0,0.747,7.04e-05,2.0,0.0782,-7.67,0.0,0.0603,117.946,4.0,0.405
spotify:track:3KJeDxoqSEQD5qbTnWxtrt,0.126,0.492,236600.0,0.638,2.15e-05,5.0,0.123,-7.087,1.0,0.0294,106.04,4.0,0.193
spotify:track:1CKtxKqyFsFITCH4SpDrWj,0.00219,0.582,233347.0,0.738,0.0083,6.0,0.149,-4.82,1.0,0.0408,125.008,4.0,0.525
spotify:track:0vtX8UMG38p7IXpP4lZJ2z,0.0149,0.555,195692.0,0.585,0.86,2.0,0.0707,-6.672,1.0,0.0272,130.004,4.0,0.0803
spotify:track:2MLmLnEKtyZSmi2bM7TfTU,0.0233,0.679,193125.0,0.898,2.59e-06,3.0,0.161,-3.434,0.0,0.0432,127.944,4.0,0.514
spotify:track:3O8FEh6DtlCUPRENPuhjHo,0.543,0.671,190858.0,0.511,0.0,5.0,0.148,-8.324,0.0,0.0356,99.929,4.0,0.495
spotify:track:65hRZOQkVjmBdusz1N7aOv,0.0144,0.507,213338.0,0.665,0.0,0.0,0.0759,-7.598,1.0,0.0474,126.879,4.0,0.4
spotify:track:3r0NMcEl7lxAHkSlDk8b7U,0.00439,0.339,231813.0,0.861,0.0,4.0,0.111,-3.141,0.0,0.0841,176.047,4.0,0.416
spotify:track:5XxoHuEqz6PEaaIjM5mTgP,0.552,0.589,198227.0,0.689,0.0,0.0,0.123,-7.035,1.0,0.0464,97.973,4.0,0.182
spotify:track:3iySadxoamEevR2RSBFvPH,0.345,0.566,239480.0,0.619,1.54e-06,6.0,0.121,-3.919,1.0,0.0266,77.96,4.0,0.175
spotify:track:4H0cCggRNvMPhXvUV8ixDJ,0.0251,0.591,222253.0,0.858,0.0,0.0,0.104,-6.631,1.0,0.0339,132.025,4.0,0.667
spotify:track:6bSY42jHs2rQoeAAlqxilu,0.789,0.597,215600.0,0.304,3.8e-06,4.0,0.178,-10.483,1.0,0.0311,136.084,4.0,0.3
spotify:track:0WEVf4RhIrcr3S3ULBrt0T,0.0247,0.565,192133.0,0.832,0.0,10.0,0.26,-5.732,0.0,0.114,112.827,4.0,0.233
spotify:track:6A4vsYvPdUnTxL4ffZ4O1f,0.0711,0.669,187520.0,0.873,0.000581,7.0,0.156,-5.222,0.0,0.0626,116.96,4.0,0.31
spotify:track:7cmu369bIyXA9M6jABDsMS,0.0432,0.789,233113.0,0.623,0.0,0.0,0.227,-5.572,1.0,0.091,93.221,4.0,0.792
spotify:track:3UjB45hKq6Q80WDfAz0Bte,0.394,0.448,179512.0,0.673,0.0,9.0,0.144,-5.205,0.0,0.0373,122.873,4.0,0.0858
spotify:track:2AGP16NS5LsvnskU9PdafD,0.0815,0.26,170067.0,0.823,0.00223,4.0,0.204,-6.216,0.0,0.069,78.772,4.0,0.307
spotify:track:0OI7AFifLSoGzpb8bdBLLV,0.00413,0.653,202805.0,0.718,0.0,3.0,0.0537,-5.232,0.0,0.213,82.034,4.0,0.216
spotify:track:6kpK6pS88tHTEOUdo5W09a,0.0269,0.479,232933.0,0.868,0.0,2.0,0.0695,-5.367,1.0,0.0521,178.793,4.0,0.516
spotify:track:0TVV2gFROJaB3kIZyCUvIY,0.162,0.799,227833.0,0.586,2.03e-06,11.0,0.193,-6.735,1.0,0.0377,120.97,4.0,0.549
spotify:track:5FoYSQF0IaVwS6M9mlk6C4,0.0732,0.432,195195.0,0.874,6.14e-06,7.0,0.371,-5.558,1.0,0.0462,103.85,4.0,0.374
spotify:track:3S1tTwSKIZgf4QGltFyCxM,0.63,0.54,155587.0,0.569,0.00026,4.0,0.108,-9.269,0.0,0.096,110.814,4.0,0.0672
spotify:track:4JtvyWkWQTPVcroZf8JJkp,0.511,0.403,117395.0,0.591,0.896,1.0,0.108,-8.126,1.0,0.0514,135.047,4.0,0.192
spotify:track:7kUtJKGZzLNgIkq1Galkt0,0.107,0.543,170213.0,0.691,0.0,10.0,0.218,-6.403,0.0,0.0425,100.014,4.0,0.335
spotify:track:5Est22GR1R9kggu89faYJX,0.908,0.41,251547.0,0.381,1.72e-05,3.0,0.0773,-10.078,1.0,0.0446,109.97,4.0,0.246
spotify:track:0SnjSz3m37sx51uyzBAIRg,0.658,0.474,214720.0,0.47,0.0,1.0,0.113,-6.327,1.0,0.0341,137.168,4.0,0.27
spotify:track:42ftjU4cTN5UTRksyqBKZJ,0.147,0.771,218440.0,0.76,0.0,4.0,0.053,-5.459,0.0,0.0514,119.0,4.0,0.881
spotify:track:0FPKCX3hVBmXo7cLVNDWeo,0.171,0.693,177889.0,0.637,2.02e-06,10.0,0.118,-4.306,1.0,0.173,168.16,4.0,0.473
spotify:track:4XaButfzRGK9aK8NN28Ie0,0.081,0.49,217626.0,0.753,2.74e-06,6.0,0.268,-5.41,1.0,0.239,156.241,4.0,0.325
spotify:track:6izhPbUU3CeMYvTT74YHnb,0.00621,0.561,238800.0,0.877,8.11e-06,9.0,0.28,-2.215,0.0,0.0659,130.003,4.0,0.375
spotify:track:5JDcQAztvZTIkrWoZihgvC,0.785,0.447,220239.0,0.393,0.0,5.0,0.28,-8.65,1.0,0.038,73.139,3.0,0.564
spotify:track:6WhzFzROw3aq3rPWjgYlxr,0.615,0.6,225882.0,0.412,0.0025,8.0,0.134,-9.343,1.0,0.344,113.049,5.0,0.408
spotify:track:7qiZfU4dY1lWllzX7mPBI3,0.581,0.825,233713.0,0.652,0.0,1.0,0.0931,-3.183,0.0,0.0802,95.977,4.0,0.931
spotify:track:0oSNOJEcBIKNcQzRc5TfyR,0.0244,0.585,217079.0,0.887,0.0,0.0,0.361,-3.825,0.0,0.089,92.971,4.0,0.528
spotify:track:2UREu1Y8CO4jXkbvqAtP7g,0.0431,0.64,178013.0,0.957,0.0,8.0,0.0789,-2.336,1.0,0.0741,134.992,4.0,0.692
spotify:track:75lW6fLpTMTyrCNUCr66p2,0.01,0.635,193293.0,0.788,0.0,7.0,0.161,-5.987,0.0,0.038,139.954,4.0,0.348
spotify:track:3oGDA2JKpAYTYadAzpP8RP,0.0179,0.448,257440.0,0.781,0.00982,7.0,0.303,-4.167,1.0,0.0336,148.023,4.0,0.324
spotify:track:4CLZ3D2RCI5ZCfB51D6NwB,0.0525,0.561,226987.0,0.836,0.0,9.0,0.136,-3.939,1.0,0.1,127.923,4.0,0.517
spotify:track:4bVuIlGQBMWS7vIhcx8Ae4,0.00842,0.527,214107.0,0.671,0.0,5.0,0.268,-5.032,0.0,0.0283,136.03,4.0,0.331
spotify:track:01YmDEvbiVb5q5eCGNlB6U,0.0419,0.596,277333.0,0.539,0.0317,2.0,0.0783,-9.318,1.0,0.0472,89.966,4.0,0.117
spotify:track:49oUUzxP8SeQ65PaZ6ZVdY,0.119,0.6,205039.0,0.849,0.0,11.0,0.299,-4.198,1.0,0.0284,97.616,4.0,0.821
spotify:track:41F3Bz1FLoYQmxbcG6T1zT,0.359,0.441,219560.0,0.692,1.94e-06,7.0,0.161,-5.427,0.0,0.128,189.879,4.0,0.475
spotify:track:50Un8I686hgpqk55uvSZUo,0.0344,0.406,210440.0,0.749,0.0,9.0,0.213,-4.274,1.0,0.0656,176.194,4.0,0.353
spotify:track:2h8iXIwEdEnQywhFC4q5e5,0.0133,0.449,240467.0,0.864,1.31e-06,9.0,0.0984,-1.159,0.0,0.0378,105.121,4.0,0.355
spotify:track:3qEOommLiDYvxoZfsB3ONu,0.0218,0.595,201733.0,0.758,0.0,2.0,0.162,-4.094,1.0,0.033,126.963,4.0,0.517
spotify:track:2MMFpdctgwEkUlfP3kyPDG,0.676,0.661,231467.0,0.733,7.06e-05,8.0,0.16,-5.345,1.0,0.129,137.904,4.0,0.556
spotify:track:6jizk5lOUnfpaZXYMdfeC6,0.563,0.627,217307.0,0.703,0.0,0.0,0.0962,-4.884,1.0,0.236,81.897,4.0,0.64
spotify:track:695FEfzHdEkR12jTpnznlj,0.0122,0.689,171000.0,0.762,5.48e-06,5.0,0.0941,-4.22,0.0,0.092,128.067,4.0,0.769
spotify:track:1KcwhssPU7HT2Dvi5exa42,0.0726,0.678,295927.0,0.541,0.00515,8.0,0.107,-7.282,1.0,0.254,119.906,4.0,0.418
spotify:track:72xvRETEsd5hS1RfduciRi,0.0992,0.681,162425.0,0.774,0.0,1.0,0.35,-3.167,0.0,0.0787,102.924,4.0,0.267
spotify:track:0IktbUcnAGrvD03AWnz3Q8,0.296,0.623,191360.0,0.417,0.0,0.0,0.135,-8.699,1.0,0.0354,130.032,4.0,0.721
spotify:track:437h9GRi70A1BzMzh4cyra,0.0203,0.375,223440.0,0.659,0.000314,8.0,0.109,-6.671,0.0,0.0249,96.798,3.0,0.2
spotify:track:59wlTaYOL5tDUgXnbBQ3my,0.179,0.515,234244.0,0.663,0.668,7.0,0.494,-7.896,0.0,0.0328,120.024,4.0,0.0756
spotify:track:4dASQiO1Eoo3RJvt74FtXB,0.255,0.502,243491.0,0.786,0.0,9.0,0.65,-4.378,0.0,0.317,169.021,4.0,0.739
spotify:track:2nlkMPkXDq3Ji9kEPEvbJN,0.262,0.613,175147.0,0.781,7.25e-06,9.0,0.17,-6.028,0.0,0.0396,97.465,4.0,0.483
spotify:track:4iSHfmxYM7qx6wZCuEfqON,0.774,0.554,238400.0,0.313,0.0,8.0,0.13,-8.999,0.0,0.0335,112.054,4.0,0.133
spotify:track:3i2Q3cFdFzJ39nV9sAt3Pc,0.472,0.335,208000.0,0.33,0.41,0.0,0.164,-8.302,1.0,0.031,75.07,4.0,0.04
spotify:track:0Se1ajfYEa51gkPKV5UgLV,0.00496,0.62,195320.0,0.807,0.00243,1.0,0.162,-5.526,0.0,0.032,75.979,4.0,0.529
spotify:track:0rwUCd1x57pMbzlYBIyggr,0.511,0.503,216757.0,0.551,2.54e-06,7.0,0.128,-7.235,0.0,0.039,113.097,4.0,0.248
spotify:track:5pRElcsPZrgZXkoON2o5Go,0.00116,0.359,230427.0,0.955,0.0,4.0,0.349,-2.323,0.0,0.12,170.033,4.0,0.446
spotify:track:23NPGXlSaIqWzvxIRhM2oG,0.0168,0.554,265507.0,0.49,0.000534,4.0,0.136,-8.046,1.0,0.0457,84.275,4.0,0.513
spotify:track:18lR4BzEs7e3qzc0KVkTpU,0.0141,0.623,205613.0,0.93,1.64e-06,5.0,0.138,-5.285,1.0,0.0324,120.119,4.0,0.287
spotify:track:1X1DWw2pcNZ8zSub3uhlNz,0.0653,0.421,202533.0,0.873,0.0,10.0,0.123,-4.343,1.0,0.0565,84.803,4.0,0.63
spotify:track:4x8zusQGidYlkfGY938rLY,0.18,0.677,192117.0,0.743,6.39e-06,9.0,0.233,-6.681,1.0,0.0521,113.999,4.0,0.944
spotify:track:4YaNLEPw3MrIgkGOkBrAh2,0.0155,0.566,283538.0,0.587,2.05e-05,6.0,0.111,-5.96,1.0,0.0308,82.046,4.0,0.246
spotify:track:6nS1vMV1zs8c0Lk6mud78D,0.0417,0.573,253747.0,0.857,0.0,7.0,0.179,-2.85,1.0,0.0432,83.07,3.0,0.406
spotify:track:0z9UVN8VBHJ9HdfYsOuuNf,0.893,0.476,240067.0,0.3,1.53e-05,7.0,0.0732,-10.737,1.0,0.0277,144.163,4.0,0.304
spotify:track:6IqyKPC3YjbuDDM05iZqls,0.000105,0.499,235586.0,0.877,2.21e-05,4.0,0.0464,-4.623,0.0,0.0526,128.004,4.0,0.278
spotify:track:4sYKHFKkovZOoyelwPj9Qy,4.77e-05,0.616,222253.0,0.884,0.000495,7.0,0.327,-3.675,0.0,0.0375,129.958,4.0,0.624
spotify:track:1xA2Qs2E7rwowOrImN9x5K,0.00839,0.606,198280.0,0.745,1.18e-05,6.0,0.0732,-5.201,1.0,0.0265,130.001,4.0,0.465
spotify:track:0VKYHUrAXZnzLpNh9YFckH,0.00283,0.556,266640.0,0.686,0.0,0.0,0.0667,-5.691,1.0,0.027,105.99,4.0,0.42
spotify:track:1dEy9Pl81QopSxNsPxXQxv,0.949,0.619,240707.0,0.324,5.42e-05,9.0,0.114,-10.146,0.0,0.0271,111.927,4.0,0.0965
spotify:track:52h6tJhAz9MDyS8MSIDeIP,0.0686,0.392,223507.0,0.754,0.0145,3.0,0.097,-8.721,0.0,0.035,179.026,4.0,0.454
spotify:track:4ogMudNqxCljA2RBHNdEzv,0.201,0.453,224323.0,0.481,0.0,3.0,0.105,-8.935,0.0,0.0864,48.632,4.0,0.385
spotify:track:64GRDrL1efgXclrhVCeuA0,0.922,0.473,219536.0,0.192,0.0,4.0,0.106,-10.979,1.0,0.0417,125.152,4.0,0.335
spotify:track:6p6jjE7ki1CxYCHKbCMh0s,0.0309,0.583,218886.0,0.613,0.0,9.0,0.0637,-4.786,0.0,0.0414,204.068,4.0,0.815
spotify:track:4ZcGNJQU3lNpBgxoWcggMm,0.867,0.193,102741.0,0.0128,0.000326,2.0,0.112,-31.549,0.0,0.0332,93.173,1.0,0.234
spotify:track:0vIkJpUpFHLwmsFFN8yPnI,0.319,0.51,217721.0,0.53,0.0,3.0,0.102,-6.532,1.0,0.0312,135.726,4.0,0.136
spotify:track:0Nk3EDDFbzdmsv6YjR2GnP,0.149,0.635,246552.0,0.676,0.0,9.0,0.159,-6.8,1.0,0.034,127.984,4.0,0.75
spotify:track:4vC4nKK6bk9pYEVOU4EIbA,0.00664,0.66,203413.0,0.944,0.416,2.0,0.787,-3.681,1.0,0.0514,127.028,4.0,0.677
spotify:track:5RGHmrZCW2d4aBSfdrkiZJ,0.0139,0.501,171293.0,0.776,2.77e-06,9.0,0.187,-3.074,1.0,0.0444,170.02,4.0,0.57
spotify:track:1qHiDbTJI7GB62W3BBFigx,0.0365,0.61,216040.0,0.796,0.0,10.0,0.274,-5.431,1.0,0.0656,159.944,4.0,0.51
spotify:track:1brwdYwjltrJo7WHpIvbYt,0.0291,0.589,212627.0,0.651,3.2e-06,6.0,0.111,-5.097,1.0,0.0306,90.011,4.0,0.166
spotify:track:3vVXzKIlFLYERxMaVFukyr,0.256,0.493,225515.0,0.594,0.0,8.0,0.0759,-4.404,0.0,0.0378,123.751,4.0,0.304
spotify:track:1NoqUP83YywZ84J1z1qfij,0.715,0.459,254977.0,0.607,6.49e-05,3.0,0.116,-5.752,1.0,0.0304,203.991,4.0,0.424
spotify:track:3pxw9Agh9VB9kyx79REpRQ,0.392,0.47,225973.0,0.623,0.000453,0.0,0.0992,-5.655,1.0,0.0302,77.861,4.0,0.298
spotify:track:3Jx30GtdSWc47suH0eDd8B,0.816,0.329,260493.0,0.382,0.208,7.0,0.129,-8.828,0.0,0.0352,79.386,4.0,0.153
spotify:track:0WJhRswVrylpVeYHDx76a1,0.347,0.648,232493.0,0.637,0.000202,4.0,0.122,-5.325,1.0,0.0888,146.209,4.0,0.757
spotify:track:7KT7VGnPU5QVXN3q1BOeqb,0.0865,0.629,215131.0,0.852,0.0215,1.0,0.263,-5.094,1.0,0.0521,104.997,4.0,0.415
spotify:track:5pLjOLnVVOVK6uvHmhBz8f,0.435,0.501,243500.0,0.315,0.0,6.0,0.368,-11.146,1.0,0.135,61.161,4.0,0.52
spotify:track:1ACxHTxrvaDu1Sxu5V4ojZ,0.0764,0.564,230400.0,0.934,1.17e-06,3.0,0.353,-5.193,0.0,0.386,75.365,4.0,0.479
spotify:track:0dSchkfNB8SzYj8Bx7bcCW,0.806,0.603,224547.0,0.369,0.0,1.0,0.108,-9.735,1.0,0.0303,139.987,4.0,0.53
spotify:track:26yGxHiLkXJkQ7FsmTGfod,0.117,0.458,315020.0,0.845,0.00839,8.0,0.346,-5.372,0.0,0.112,128.088,4.0,0.211
spotify:track:4hPqqz7k783Cmq2zddop4c,0.667,0.501,244500.0,0.73,1.97e-06,5.0,0.292,-4.92,0.0,0.117,119.588,5.0,0.423
spotify:track:3QmOiZF7IzJJkHnahh5Ea0,0.0913,0.769,203992.0,0.631,0.0,1.0,0.114,-6.769,1.0,0.0568,100.968,4.0,0.512
spotify:track:4XLuvPPVWy2ZjLexSCiYB4,0.437,0.718,245600.0,0.34,0.0223,5.0,0.0891,-9.004,1.0,0.0382,85.022,4.0,0.343
spotify:track:6oNZ0WxqptE7V0qpjtyJ4a,0.0398,0.294,232937.0,0.697,0.00011,6.0,0.136,-6.029,1.0,0.128,160.566,4.0,0.183
spotify:track:3P7f4TYXYqz1MwcFiQhgu3,0.234,0.401,228907.0,0.454,8.97e-06,6.0,0.177,-7.448,1.0,0.0295,78.959,4.0,0.175
spotify:track:4IyGZyXVYSHWdDPU48Z1Tr,0.118,0.509,194667.0,0.957,0.0,9.0,0.358,-3.772,1.0,0.053,172.028,4.0,0.859
spotify:track:2pD1x1iL0gsvg7Kbhpuf8W,0.159,0.345,305349.0,0.705,0.00347,6.0,0.0874,-7.744,0.0,0.04,119.89,4.0,0.0397
spotify:track:6rPO02ozF3bM7NnOV4h6s2,0.222,0.63,228827.0,0.815,0.0,2.0,0.091,-4.265,1.0,0.152,88.357,4.0,0.813
spotify:track:5FLdoA5JsDKG4JPVUwNMzd,0.888,0.532,247803.0,0.2,0.0,1.0,0.24,-11.764,1.0,0.0378,116.019,4.0,0.409
spotify:track:1hWYT0w2R0J19rlVkiez7X,0.186,0.517,250320.0,0.811,0.0,5.0,0.105,-4.526,0.0,0.286,168.269,4.0,0.494
spotify:track:3A8FzVWAnRTurd7PCJy1Xg,0.17,0.608,289160.0,0.642,0.0667,2.0,0.166,-7.978,1.0,0.0251,87.703,4.0,0.608
spotify:track:4n2FG7dvDBVMKtHlOm5Rim,0.596,0.45,194506.0,0.569,0.0109,11.0,0.203,-7.476,0.0,0.0524,157.922,4.0,0.416
spotify:track:5JFkuKQsPps2ZaZzaLx63d,0.000856,0.44,258800.0,0.623,0.0586,0.0,0.103,-8.228,1.0,0.0316,140.006,4.0,0.0563
spotify:track:4u26EevCNXMhlvE1xFBJwX,0.402,0.594,222773.0,0.502,0.0,4.0,0.287,-6.564,1.0,0.0281,130.674,4.0,0.314
spotify:track:53AuxddsgPSlqM619nJhSd,0.000436,0.57,244960.0,0.962,1.73e-06,4.0,0.59,-2.989,0.0,0.078,138.013,4.0,0.383
spotify:track:1A58RvfCFugjlKYdRBb57s,0.223,0.36,203000.0,0.847,0.00019,11.0,0.147,-3.931,1.0,0.109,89.915,4.0,0.501
spotify:track:4NWGK3Shpzn6xy8y413taO,0.255,0.52,201356.0,0.695,2.32e-05,3.0,0.14,-7.035,1.0,0.0343,117.965,4.0,0.388
spotify:track:2N5xDbdLEb9kyzuNr3nhbS,0.0853,0.52,210000.0,0.898,0.0,6.0,0.163,-1.527,0.0,0.201,159.855,4.0,0.13
spotify:track:5k4MVfklNSMZZHB1jxvKrr,0.00258,0.538,218549.0,0.596,0.564,9.0,0.0835,-8.389,1.0,0.045,107.756,4.0,0.0483
spotify:track:708OFb4yTYv8DWLqWPhZ32,0.214,0.637,214827.0,0.597,0.0,6.0,0.141,-6.964,1.0,0.0289,100.021,4.0,0.485
spotify:track:7jbIwfAQn5n8Pray78dGQp,0.00117,0.617,247213.0,0.842,0.261,10.0,0.131,-4.062,0.0,0.034,127.955,4.0,0.36
spotify:track:5VJ1eVOnlAlaA2mQcwmKC8,0.00645,0.581,210373.0,0.921,2.69e-06,6.0,0.109,-4.319,0.0,0.051,95.967,4.0,0.829
spotify:track:26KO2hBBIfEPtjxiWJFkw1,0.223,0.589,164290.0,0.751,0.0,11.0,0.072,-6.503,1.0,0.0544,171.887,4.0,0.784
spotify:track:3pPbCFLEDFQH6EEuzmpuep,0.146,0.97,190500.0,0.705,9.05e-05,0.0,0.121,-5.463,0.0,0.0716,109.972,4.0,0.725
spotify:track:41jqixFRRk9GzsYVaX6LlW,0.835,0.481,185908.0,0.371,0.0,9.0,0.107,-8.338,1.0,0.0299,72.507,4.0,0.516
spotify:track:4g64deYSvQZ4w9uGpYz2sL,0.263,0.386,205618.0,0.714,0.0,6.0,0.233,-5.597,0.0,0.381,89.807,4.0,0.289
spotify:track:30uJNlHIjfDeE4vr8g9fpf,0.249,0.728,193030.0,0.638,0.0,5.0,0.116,-6.455,0.0,0.0336,130.014,4.0,0.872
spotify:track:7ckZ58Uo6I6nTrMs1SeimI,0.0117,0.361,172960.0,0.872,0.0,8.0,0.318,-4.312,1.0,0.0392,176.025,4.0,0.578
spotify:track:5vTPxzm4h2bY9rYyVrGEU5,0.0953,0.704,201600.0,0.732,0.0,7.0,0.127,-3.553,1.0,0.0752,120.995,4.0,0.791
spotify:track:3tCwjWLicbjsMCvXhN0WOE,0.0435,0.743,224773.0,0.807,0.0,1.0,0.309,-3.78,1.0,0.0364,144.062,4.0,0.899
spotify:track:2dRvMEW4EwySxRUtEamSfG,0.0545,0.616,227360.0,0.778,0.0,7.0,0.142,-4.927,0.0,0.0387,83.065,4.0,0.655
spotify:track:32lm3769IRfcnrQV11LO4E,0.0467,0.713,243413.0,0.783,1.93e-06,7.0,0.0449,-3.499,1.0,0.124,90.937,4.0,0.958
spotify:track:0swI5PFV43kzuN0ybZNkdZ,0.32,0.599,187008.0,0.469,0.000447,4.0,0.116,-6.631,1.0,0.0355,80.026,4.0,0.437
spotify:track:19I0Zk3YbVkgZLQiLbbFWz,0.0262,0.477,185293.0,0.666,7.8e-06,11.0,0.115,-6.619,0.0,0.0306,86.47,4.0,0.483
spotify:track:7wqSzGeodspE3V6RBD5W8L,0.369,0.689,229526.0,0.481,1.03e-06,10.0,0.0649,-7.503,1.0,0.0815,80.025,4.0,0.283
spotify:track:1wC93sZRGcTgKLN2UWRSwW,0.00289,0.621,221874.0,0.574,3.04e-05,1.0,0.128,-5.325,0.0,0.0555,104.344,4.0,0.537
spotify:track:6lcSHIwCOopIcW5cT5NXHI,0.217,0.62,248156.0,0.713,3.3e-06,2.0,0.222,-4.753,1.0,0.0342,137.957,4.0,0.451
spotify:track:5Nu5Uyoauauy9LFePYL1Z3,0.0358,0.612,228155.0,0.628,0.00898,2.0,0.193,-6.754,1.0,0.0752,125.043,4.0,0.434
spotify:track:1mzGywacjpeik00PVLBPpF,0.000151,0.606,251613.0,0.72,0.00165,5.0,0.0745,-6.253,0.0,0.0283,127.986,4.0,0.179
spotify:track:5wU6jk9kxYzFGUpeE6T2Q5,0.00258,0.584,243520.0,0.752,0.000847,0.0,0.108,-7.219,1.0,0.0307,132.142,4.0,0.327
spotify:track:1TSxLktSlIdEsjTGWB4Fub,0.165,0.404,268000.0,0.587,0.00267,9.0,0.231,-11.172,0.0,0.156,120.047,4.0,0.103
spotify:track:265yhmmWClZfBmgNPzwOMP,0.0291,0.83,195740.0,0.508,0.0,5.0,0.24,-6.07,1.0,0.0613,95.051,4.0,0.797
spotify:track:5lhASYS8N56DLperDij6eZ,0.00453,0.448,263947.0,0.403,0.00689,0.0,0.115,-8.326,0.0,0.0356,120.564,4.0,0.241
spotify:track:4Hv6RzUYEkNvQv80TsoQHB,0.0308,0.387,247440.0,0.788,0.0,7.0,0.103,-4.442,0.0,0.0546,147.809,4.0,0.269
spotify:track:44aN5xKL3kGHvQ5bXVk6B8,0.186,0.703,208330.0,0.736,1.92e-05,4.0,0.174,-5.709,0.0,0.046,119.955,4.0,0.274
spotify:track:2s11gEiG0ddaxYlgYkEzhV,0.794,0.324,283693.0,0.42,0.0,10.0,0.0899,-9.138,1.0,0.0294,108.011,4.0,0.205
spotify:track:3CP13sLHPTqlxdk57JiNGj,0.084,0.705,229959.0,0.607,6.8e-06,6.0,0.116,-7.272,1.0,0.0544,114.994,4.0,0.407
spotify:track:21xFsQzlsh6cr5XIDqKc7S,0.0222,0.657,186857.0,0.633,1.01e-05,7.0,0.13,-7.063,1.0,0.0399,140.024,4.0,0.31
spotify:track:0KtzMx1GbkkPyA2TQceHoM,0.625,0.446,236795.0,0.303,0.00136,0.0,0.0596,-7.031,1.0,0.0306,120.212,4.0,0.057
spotify:track:0N9WhEz6DiBDvBxa6uJCTY,0.57,0.665,230867.0,0.446,0.000669,1.0,0.082,-11.884,1.0,0.0439,141.94,4.0,0.172
spotify:track:6iiqyELCtiSpAJ9f5lLJMx,0.721,0.577,181500.0,0.685,0.000127,9.0,0.0543,-3.926,1.0,0.0306,119.983,4.0,0.405
spotify:track:3LlAyCYU26dvFZBDUIMb7a,0.23,0.499,175200.0,0.73,0.00018,3.0,0.378,-2.831,1.0,0.0367,90.058,4.0,0.381
spotify:track:5PUawWFG1oIS2NwEcyHaCr,0.119,0.623,211573.0,0.956,0.000227,4.0,0.617,-2.608,0.0,0.0753,149.958,4.0,0.739
spotify:track:5HF5PRNJ8KGtbzNPPc93tG,0.134,0.517,273853.0,0.686,0.00362,3.0,0.113,-6.401,1.0,0.0442,126.524,4.0,0.238
spotify:track:1dNIEtp7AY3oDAKCGg2XkH,0.0306,0.607,247627.0,0.649,2.46e-05,11.0,0.174,-6.695,0.0,0.0362,102.996,4.0,0.505
spotify:track:5jnp8E61wcoF6qIEtDHQnJ,0.00416,0.644,211200.0,0.848,0.0168,4.0,0.0629,-4.952,0.0,0.0511,99.989,4.0,0.283
spotify:track:13cEsUQzDE60owF5Sczjar,0.00564,0.585,256840.0,0.792,0.0,6.0,0.248,-4.966,1.0,0.0254,99.995,4.0,0.41
spotify:track:4uiFxyfd0SwNgzrmTcUcu6,0.158,0.59,252997.0,0.821,0.00022,0.0,0.199,-5.369,0.0,0.0693,129.027,4.0,0.117
spotify:track:1NBO7Zi2gy6UovWHe6A1m1,0.47,0.687,184978.0,0.674,0.0,1.0,0.0611,-5.248,1.0,0.0413,105.038,4.0,0.515
spotify:track:6pkIwFDnWnGpqVLwP8stDN,0.0199,0.569,186280.0,0.804,0.0,8.0,0.121,-5.301,1.0,0.0843,135.099,4.0,0.357
spotify:track:52yOf7Ls1u5AO3cFIzQ58m,0.122,0.7,234308.0,0.714,0.0,9.0,0.0428,-6.295,0.0,0.104,99.909,4.0,0.458
spotify:track:4QQg6DXsx6G3lv3W4A15CZ,0.00501,0.41,224240.0,0.628,0.0,7.0,0.324,-5.126,1.0,0.0609,170.003,4.0,0.161
spotify:track:4aPRuTsiG7B4owTTF8Dm3U,0.326,0.476,296227.0,0.837,0.0,10.0,0.0506,-4.43,1.0,0.141,166.083,4.0,0.433
spotify:track:0YoTHiPyPR8BTfxBeaOjNL,0.865,0.357,298987.0,0.0612,0.737,7.0,0.129,-16.989,1.0,0.0332,103.434,4.0,0.0392
spotify:track:5F0bmCjKUufNz1bHXfgRwe,0.00746,0.53,226867.0,0.972,0.00119,4.0,0.356,-2.826,0.0,0.109,136.001,4.0,0.518
spotify:track:3jfr0TF6DQcOLat8gGn7E2,0.186,0.548,272394.0,0.532,0.000263,5.0,0.217,-7.596,1.0,0.0323,85.03,4.0,0.405
spotify:track:7py16W5fWYLFFS6BElKAjn,0.0431,0.605,225915.0,0.77,0.0,5.0,0.159,-3.645,0.0,0.0446,130.037,4.0,0.298
spotify:track:2UgVitE8eyXgo9x085v5Km,0.00142,0.497,233011.0,0.627,0.0,6.0,0.619,-6.141,0.0,0.0319,79.93,4.0,0.193
spotify:track:2ZyuwVvV6Z3XJaXIFbspeE,0.0183,0.741,188493.0,0.627,0.0,1.0,0.0909,-4.816,0.0,0.0894,108.016,4.0,0.708
spotify:track:2Ex5M7OjJhkH38JvCUzwXR,0.183,0.564,192893.0,0.675,0.000371,1.0,0.347,-8.035,1.0,0.0394,108.072,4.0,0.544
spotify:track:6dahFWC77PSIkw8Qvrlo32,0.539,0.638,202097.0,0.585,5.94e-06,8.0,0.121,-5.344,1.0,0.121,179.871,4.0,0.421
spotify:track:6NaBDHz9C7Uz9Z9CwLXQin,0.0214,0.318,221053.0,0.777,0.0,5.0,0.101,-3.94,0.0,0.0832,169.491,4.0,0.313
spotify:track:7FTfrs1BK2QgOofaYDraVE,0.102,0.569,221028.0,0.644,0.0,7.0,0.065,-6.655,1.0,0.0265,98.036,4.0,0.445
spotify:track:3n1pQaVXdH9KGW8z2BbqAP,0.867,0.522,301441.0,0.34,0.0,5.0,0.0907,-8.022,1.0,0.0304,72.51,4.0,0.607
spotify:track:2FiceoWDJ67rrmb5tGBpgE,0.0464,0.682,216107.0,0.836,3.13e-06,9.0,0.0797,-3.777,1.0,0.0425,104.987,4.0,0.485
spotify:track:2sLOxiEuoHX49R7bHcqQcR,0.0378,0.713,248620.0,0.771,8.03e-05,9.0,0.221,-4.562,0.0,0.201,114.93,4.0,0.42
spotify:track:6BlHw1w21btaXLnYt7mLQp,0.065,0.682,235093.0,0.802,0.0,8.0,0.107,-2.803,1.0,0.0422,116.972,4.0,0.411
spotify:track:6HWEJvh4xjhmF9LUvbgkOH,0.013,0.47,232213.0,0.799,2.9e-06,11.0,0.0979,-5.708,1.0,0.0358,168.109,4.0,0.632
spotify:track:14GFF1WXZENCeouhvcA2KX,0.16,0.484,219720.0,0.549,0.000115,6.0,0.108,-5.632,1.0,0.0576,171.869,4.0,0.116
spotify:track:744BtNFDnxYNFipYXFWRht,0.193,0.585,186697.0,0.821,0.000263,1.0,0.344,-5.194,0.0,0.0539,116.936,4.0,0.475
spotify:track:3vv9phIu6Y1vX3jcqaGz5Z,0.0435,0.713,226739.0,0.802,0.00377,4.0,0.309,-7.055,1.0,0.0561,100.001,4.0,0.343
spotify:track:2iNIdJqx4zvsOA1eY8I4QZ,0.297,0.807,187707.0,0.725,2.91e-06,9.0,0.157,-6.157,0.0,0.113,110.032,4.0,0.392
spotify:track:0qRZ9ydGdzeVk3S01pLGoJ,0.0362,0.687,218480.0,0.645,0.0,1.0,0.201,-8.38,1.0,0.19,84.925,4.0,0.619
spotify:track:7L605WhF5EGf34ggj87yK6,0.1,0.461,195493.0,0.446,0.0,7.0,0.169,-7.703,1.0,0.0267,139.868,3.0,0.375
spotify:track:7BKLCZ1jbUBVqRi2FVlTVw,0.414,0.748,244960.0,0.524,0.0,8.0,0.111,-5.599,1.0,0.0338,95.01,4.0,0.661
spotify:track:0lCTlfMeY9GJdisZlTpmJR,0.0191,0.606,228312.0,0.619,0.0,10.0,0.0644,-6.968,1.0,0.0508,144.946,4.0,0.573
spotify:track:2jRGYG8U5bJzWOH6FLuzvO,0.0157,0.706,192000.0,0.656,0.000158,0.0,0.062,-5.321,1.0,0.0694,114.974,4.0,0.523
spotify:track:6uBhi9gBXWjanegOb2Phh0,0.238,0.457,210091.0,0.627,0.0,5.0,0.116,-5.091,0.0,0.111,101.384,4.0,0.554
spotify:track:7Jp0SC1X5eAu0rOw56x53M,0.589,0.663,222746.0,0.495,0.0,5.0,0.116,-8.188,1.0,0.0395,126.081,4.0,0.0677
spotify:track:3fhnTPYxc6w76h24DLvsmr,0.822,0.68,247364.0,0.382,0.0542,1.0,0.104,-9.383,1.0,0.127,172.255,4.0,0.237
